"GHO","MDG_0000000001",""
"GHO","MDG_0000000003",""
"GHO","MDG_0000000005",""
"GHO","MDG_0000000006",""
"GHO","MDG_0000000007",""
"GHO","MDG_0000000010",""
"GHO","MDG_0000000011",""
"GHO","MDG_0000000012",""
"GHO","MDG_0000000013",""
"GHO","MDG_0000000014",""
"GHO","MDG_0000000015",""
"GHO","MDG_0000000016",""
"GHO","MDG_0000000017",""
"GHO","MDG_0000000018",""
"GHO","MDG_0000000019",""
"GHO","MDG_0000000020",""
"GHO","MDG_0000000021",""
"GHO","MDG_0000000022",""
"GHO","MDG_0000000023",""
"GHO","MDG_0000000024",""
"GHO","MDG_0000000025",""
"GHO","MDG_0000000026",""
"GHO","MDG_0000000027",""
"GHO","MDG_0000000028",""
"GHO","LIFE_0000000029",""
"GHO","LIFE_0000000030",""
"GHO","LIFE_0000000031",""
"GHO","LIFE_0000000032",""
"GHO","LIFE_0000000033",""
"GHO","LIFE_0000000034",""
"GHO","LIFE_0000000035",""
"GHO","GBD_0000000036",""
"GHO","GBD_0000000037",""
"GHO","GBD_0000000038",""
"GHO","WHS3_40",""
"GHO","WHS3_41",""
"GHO","WHS3_42",""
"GHO","WHS3_43",""
"GHO","WHS3_45",""
"GHO","WHS3_46",""
"GHO","WHS3_47",""
"GHO","WHS3_48",""
"GHO","WHS3_49",""
"GHO","WHS3_50",""
"GHO","WHS3_51",""
"GHO","WHS3_52",""
"GHO","WHS3_53",""
"GHO","WHS3_54",""
"GHO","WHS3_55",""
"GHO","WHS3_56",""
"GHO","WHS3_57",""
"GHO","MORT_58",""
"GHO","MORT_59",""
"GHO","MORT_61",""
"GHO","WHS3_62",""
"GHO","MORT_63",""
"GHO","WHOSIS_000001",""
"GHO","WHOSIS_000002",""
"GHO","WHOSIS_000003",""
"GHO","WHOSIS_000004",""
"GHO","WHOSIS_000005",""
"GHO","WHOSIS_000006",""
"GHO","GBD_76",""
"GHO","GBD_77",""
"GHO","GBD_78",""
"GHO","WHOSIS_000008",""
"GHO","WHOSIS_000013",""
"GHO","WHOSIS_000009",""
"GHO","WHOSIS_000010",""
"GHO","WHOSIS_000011",""
"GHO","WHOSIS_000012",""
"GHO","WHS9_85",""
"GHO","WHS9_86",""
"GHO","WHS9_87",""
"GHO","WHS9_88",""
"GHO","WHS9_89",""
"GHO","WHS9_90",""
"GHO","WHS9_91",""
"GHO","WHS9_92",""
"GHO","WHS9_93",""
"GHO","WHS9_94",""
"GHO","WHS9_95",""
"GHO","WHS9_96",""
"GHO","WHS9_97",""
"GHO","WHS4_99",""
"GHO","WHS4_100",""
"GHO","WHS6_101",""
"GHO","WHS6_102",""
"GHO","WHS7_103",""
"GHO","WHS7_104",""
"GHO","WHS7_105",""
"GHO","WHS4_106",""
"GHO","WHS4_107",""
"GHO","WHS7_108",""
"GHO","WHS8_110",""
"GHO","WHS4_111",""
"GHO","WHS7_113",""
"GHO","WHS4_115",""
"GHO","WHS6_116",""
"GHO","WHS4_117",""
"GHO","WHS7_120",""
"GHO","WHS5_122",""
"GHO","WHS6_123",""
"GHO","WHS4_124",""
"GHO","WHS6_125",""
"GHO","WHS2_126",""
"GHO","WHS6_127",""
"GHO","WHS4_128",""
"GHO","WHS4_129",""
"GHO","WHS2_131",""
"GHO","WHS7_134",""
"GHO","WHS6_136",""
"GHO","WHS2_138",""
"GHO","WHS7_139",""
"GHO","WHS6_140",""
"GHO","WHS7_143",""
"GHO","WHS6_144",""
"GHO","WHS7_147",""
"GHO","WHS6_148",""
"GHO","WHS7_149",""
"GHO","WHS6_150",""
"GHO","WHS2_152",""
"GHO","WHS4_154",""
"GHO","WHS2_155",""
"GHO","WHS7_156",""
"GHO","WHS6_157",""
"GHO","WHS5_158",""
"GHO","WHS6_159",""
"GHO","WHS2_160",""
"GHO","WHS2_161",""
"GHO","WHS2_162",""
"GHO","WHS2_163",""
"GHO","WHS2_164",""
"GHO","WHS2_165",""
"GHO","WHS2_166",""
"GHO","WHS2_167",""
"GHO","WHS2_168",""
"GHO","WHS2_169",""
"GHO","WHS2_170",""
"GHO","WHS2_171",""
"GHO","WHS2_172",""
"GHO","WHS2_173",""
"GHO","WHS2_174",""
"GHO","WAS_0000000001",""
"GHO","WAS_0000000002",""
"GHO","ODA_1",""
"GHO","ODA_2",""
"GHO","ODA_3",""
"GHO","ODA_4",""
"GHO","GBD_PREV",""
"GHO","GBD_INC",""
"GHO","GBD_DTHRT",""
"GHO","GBD_DALYRT",""
"GHO","GBD_DALYRTAGE",""
"GHO","TOBACCO_0000000186",""
"GHO","TOBACCO_0000000187",""
"GHO","TOBACCO_0000000188",""
"GHO","TOBACCO_0000000189",""
"GHO","TOBACCO_0000000190",""
"GHO","TOBACCO_0000000191",""
"GHO","TOBACCO_0000000192",""
"GHO","TOBACCO_0000000193",""
"GHO","TOBACCO_0000000194",""
"GHO","TOBACCO_0000000195",""
"GHO","TOBACCO_0000000196",""
"GHO","TOBACCO_0000000197",""
"GHO","TOBACCO_0000000198",""
"GHO","TOBACCO_0000000199",""
"GHO","TOBACCO_0000000200",""
"GHO","TOBACCO_0000000201",""
"GHO","TOBACCO_0000000202",""
"GHO","TOBACCO_0000000203",""
"GHO","TOBACCO_0000000204",""
"GHO","TOBACCO_0000000205",""
"GHO","TOBACCO_0000000206",""
"GHO","TOBACCO_0000000207",""
"GHO","TOBACCO_0000000208",""
"GHO","TOBACCO_0000000209",""
"GHO","TOBACCO_0000000210",""
"GHO","TOBACCO_0000000211",""
"GHO","TOBACCO_0000000212",""
"GHO","TOBACCO_0000000213",""
"GHO","CHOLERA_0000000001",""
"GHO","CHOLERA_0000000002",""
"GHO","CHOLERA_0000000003",""
"GHO","MALARIA_15034",""
"GHO","MALARIA_15035",""
"GHO","MALARIA_15043",""
"GHO","MALARIA_15049",""
"GHO","MALARIA_15065",""
"GHO","MALARIA_16201",""
"GHO","MALARIA_16202",""
"GHO","MALARIA_16203",""
"GHO","MALARIA_16205",""
"GHO","MALARIA_16206",""
"GHO","MALARIA_16207",""
"GHO","MALARIA_16210",""
"GHO","MALARIA_16227",""
"GHO","MALARIA_16228",""
"GHO","MALARIA_16263",""
"GHO","MALARIA_16270",""
"GHO","MALARIA_16271",""
"GHO","MALARIA_16272",""
"GHO","MALARIA_16273",""
"GHO","MALARIA_16274",""
"GHO","MALARIA_16275",""
"GHO","MALARIA_40105",""
"GHO","MALARIA_15029",""
"GHO","MALARIA_15030",""
"GHO","MALARIA_15031",""
"GHO","MALARIA_15056",""
"GHO","MALARIA_15059",""
"GHO","MALARIA_16231",""
"GHO","MALARIA_16232",""
"GHO","MALARIA_15032",""
"GHO","MALARIA_15033",""
"GHO","MALARIA_15036",""
"GHO","MALARIA_15037",""
"GHO","MALARIA_15040",""
"GHO","MALARIA_15063",""
"GHO","MALARIA_15095",""
"GHO","MALARIA_15096",""
"GHO","MALARIA_16209",""
"GHO","MALARIA_16211",""
"GHO","MALARIA_16212",""
"GHO","MALARIA_16229",""
"GHO","MALARIA_16230",""
"GHO","MALARIA_15077",""
"GHO","MALARIA_15079",""
"GHO","MALARIA_15080",""
"GHO","MALARIA_15116",""
"GHO","MALARIA_15117",""
"GHO","MALARIA_16223",""
"GHO","MALARIA_16224",""
"GHO","MALARIA_16225",""
"GHO","MALARIA_16226",""
"GHO","MALARIA_20126",""
"GHO","MALARIA_15130",""
"GHO","MALARIA_15136",""
"GHO","MALARIA_15137",""
"GHO","MALARIA_15138",""
"GHO","MALARIA_15139",""
"GHO","MALARIA_16221",""
"GHO","MALARIA_16222",""
"GHO","MALARIA_20129",""
"GHO","MALARIA_15150",""
"GHO","MALARIA_16261",""
"GHO","MALARIA_16262",""
"GHO","MALARIA_20132",""
"GHO","MALARIA_16234",""
"GHO","MALARIA_16235",""
"GHO","MALARIA_16236",""
"GHO","MALARIA_16237",""
"GHO","MALARIA_16238",""
"GHO","MALARIA_16239",""
"GHO","MALARIA_15283",""
"GHO","MALARIA_15284",""
"GHO","MALARIA_15287",""
"GHO","MALARIA_15288",""
"GHO","MALARIA_15309",""
"GHO","MALARIA_15310",""
"GHO","MALARIA_16233",""
"GHO","MALARIA_16240",""
"GHO","MALARIA_16264",""
"GHO","MALARIA_16265",""
"GHO","MALARIA_16266",""
"GHO","MALARIA_16267",""
"GHO","MALARIA_16268",""
"GHO","MALARIA_16252",""
"GHO","MALARIA_16253",""
"GHO","MALARIA_16254",""
"GHO","MALARIA_30514",""
"GHO","MALARIA_30515",""
"GHO","MALARIA_30516",""
"GHO","MALARIA_30517",""
"GHO","MALARIA_30518",""
"GHO","MALARIA_30519",""
"GHO","MALARIA_30520",""
"GHO","MALARIA_30521",""
"GHO","MALARIA_30522",""
"GHO","MALARIA_30523",""
"GHO","MALARIA_30526",""
"GHO","MALARIA_30532",""
"GHO","MALARIA_30533",""
"GHO","MALARIA_30535",""
"GHO","MALARIA_30536",""
"GHO","MALARIA_30539",""
"GHO","MALARIA_30541",""
"GHO","MALARIA_30542",""
"GHO","MALARIA_30545",""
"GHO","MALARIA_30548",""
"GHO","MALARIA_30549",""
"GHO","MALARIA_30550",""
"GHO","MALARIA_30555",""
"GHO","MALARIA_30556",""
"GHO","MALARIA_30557",""
"GHO","MALARIA_30558",""
"GHO","MALARIA_30559",""
"GHO","MALARIA_30560",""
"GHO","MALARIA_30561",""
"GHO","MALARIA_30562",""
"GHO","MALARIA_15279",""
"GHO","TB_c_tsr",""
"GHO","TB_e_mort_exc_tbhiv_100k",""
"GHO","TB_e_mort_exc_tbhiv_num_save",""
"GHO","TOBACCO_0000000337",""
"GHO","TOBACCO_0000000338",""
"GHO","TOBACCO_0000000339",""
"GHO","TOBACCO_0000000340",""
"GHO","TOBACCO_0000000341",""
"GHO","TOBACCO_0000000342",""
"GHO","TOBACCO_0000000343",""
"GHO","TOBACCO_0000000344",""
"GHO","TOBACCO_0000000345",""
"GHO","TOBACCO_0000000346",""
"GHO","TOBACCO_0000000347",""
"GHO","TOBACCO_0000000348",""
"GHO","TOBACCO_0000000349",""
"GHO","TOBACCO_0000000350",""
"GHO","TOBACCO_0000000351",""
"GHO","TOBACCO_0000000352",""
"GHO","TOBACCO_0000000353",""
"GHO","TOBACCO_0000000354",""
"GHO","TOBACCO_0000000355",""
"GHO","TOBACCO_0000000356",""
"GHO","TOBACCO_0000000357",""
"GHO","TOBACCO_0000000358",""
"GHO","TOBACCO_0000000359",""
"GHO","TOBACCO_0000000360",""
"GHO","TOBACCO_0000000361",""
"GHO","TOBACCO_0000000362",""
"GHO","TOBACCO_0000000363",""
"GHO","TOBACCO_0000000364",""
"GHO","TOBACCO_0000000365",""
"GHO","TOBACCO_0000000366",""
"GHO","TOBACCO_0000000367",""
"GHO","TOBACCO_0000000368",""
"GHO","TOBACCO_0000000369",""
"GHO","TOBACCO_0000000370",""
"GHO","TOBACCO_0000000371",""
"GHO","TOBACCO_0000000372",""
"GHO","TOBACCO_0000000373",""
"GHO","TOBACCO_0000000374",""
"GHO","TOBACCO_0000000375",""
"GHO","TOBACCO_0000000376",""
"GHO","TOBACCO_0000000377",""
"GHO","TOBACCO_0000000378",""
"GHO","TOBACCO_0000000379",""
"GHO","TOBACCO_0000000380",""
"GHO","TOBACCO_0000000381",""
"GHO","TOBACCO_0000000382",""
"GHO","TOBACCO_0000000383",""
"GHO","TOBACCO_0000000384",""
"GHO","TOBACCO_0000000385",""
"GHO","TOBACCO_0000000386",""
"GHO","TOBACCO_0000000387",""
"GHO","TOBACCO_0000000388",""
"GHO","TOBACCO_0000000389",""
"GHO","TOBACCO_0000000390",""
"GHO","TOBACCO_0000000391",""
"GHO","TOBACCO_0000000392",""
"GHO","TOBACCO_0000000393",""
"GHO","TOBACCO_0000000394",""
"GHO","TOBACCO_0000000395",""
"GHO","TOBACCO_0000000396",""
"GHO","TOBACCO_0000000397",""
"GHO","TOBACCO_0000000398",""
"GHO","TOBACCO_0000000399",""
"GHO","TOBACCO_0000000400",""
"GHO","TOBACCO_0000000401",""
"GHO","TOBACCO_0000000402",""
"GHO","TOBACCO_0000000403",""
"GHO","TOBACCO_0000000404",""
"GHO","TOBACCO_0000000405",""
"GHO","TOBACCO_0000000406",""
"GHO","TOBACCO_0000000407",""
"GHO","TOBACCO_0000000408",""
"GHO","TOBACCO_0000000409",""
"GHO","TOBACCO_0000000410",""
"GHO","TOBACCO_0000000411",""
"GHO","TOBACCO_0000000412",""
"GHO","TOBACCO_0000000413",""
"GHO","TOBACCO_0000000414",""
"GHO","TOBACCO_0000000415",""
"GHO","TOBACCO_0000000416",""
"GHO","TOBACCO_0000000417",""
"GHO","TOBACCO_0000000418",""
"GHO","TOBACCO_0000000419",""
"GHO","TOBACCO_0000000420",""
"GHO","TOBACCO_0000000421",""
"GHO","TOBACCO_0000000422",""
"GHO","TOBACCO_0000000423",""
"GHO","TOBACCO_0000000424",""
"GHO","TOBACCO_0000000425",""
"GHO","TOBACCO_0000000426",""
"GHO","TOBACCO_0000000427",""
"GHO","TOBACCO_0000000428",""
"GHO","TOBACCO_0000000429",""
"GHO","TOBACCO_0000000430",""
"GHO","TOBACCO_0000000431",""
"GHO","TOBACCO_0000000432",""
"GHO","TOBACCO_0000000433",""
"GHO","TOBACCO_0000000434",""
"GHO","TOBACCO_0000000435",""
"GHO","TOBACCO_0000000436",""
"GHO","TOBACCO_0000000437",""
"GHO","TOBACCO_0000000438",""
"GHO","TOBACCO_0000000439",""
"GHO","TOBACCO_0000000440",""
"GHO","TOBACCO_0000000441",""
"GHO","TOBACCO_0000000442",""
"GHO","TOBACCO_0000000443",""
"GHO","TOBACCO_0000000444",""
"GHO","TOBACCO_0000000445",""
"GHO","TOBACCO_0000000446",""
"GHO","TOBACCO_0000000447",""
"GHO","TOBACCO_0000000448",""
"GHO","TOBACCO_0000000449",""
"GHO","TOBACCO_0000000450",""
"GHO","TOBACCO_0000000451",""
"GHO","TOBACCO_0000000452",""
"GHO","TOBACCO_0000000453",""
"GHO","TOBACCO_0000000454",""
"GHO","TOBACCO_0000000455",""
"GHO","TOBACCO_0000000456",""
"GHO","TOBACCO_0000000457",""
"GHO","TOBACCO_0000000458",""
"GHO","TOBACCO_0000000459",""
"GHO","RS_193",""
"GHO","RS_194",""
"GHO","RS_196",""
"GHO","RS_198",""
"GHO","RS_204",""
"GHO","RS_208",""
"GHO","RS_209",""
"GHO","RS_210",""
"GHO","RS_213",""
"GHO","RS_214",""
"GHO","RS_215",""
"GHO","RS_216",""
"GHO","RS_218",""
"GHO","RS_221",""
"GHO","RS_222",""
"GHO","RS_223",""
"GHO","RS_224",""
"GHO","RS_225",""
"GHO","RS_228",""
"GHO","RS_229",""
"GHO","RS_231",""
"GHO","RS_232",""
"GHO","RS_233",""
"GHO","RS_234",""
"GHO","RS_236",""
"GHO","RS_237",""
"GHO","RS_205",""
"GHO","RS_246",""
"GHO","RS_207",""
"GHO","RS_212",""
"GHO","RS_219",""
"GHO","RS_235",""
"GHO","RS_238",""
"GHO","RS_217",""
"GHO","ATLAS_SU_0000000532",""
"GHO","ATLAS_SU_0000000533",""
"GHO","ATLAS_SU_0000000534",""
"GHO","ATLAS_SU_0000000535",""
"GHO","ATLAS_SU_0000000536",""
"GHO","ATLAS_SU_0000000537",""
"GHO","RS_576",""
"GHO","MDG_0000000029",""
"GHO","TOBACCO_0000000502",""
"GHO","TOBACCO_0000000503",""
"GHO","TOBACCO_0000000504",""
"GHO","TOBACCO_0000000505",""
"GHO","TOBACCO_0000000506",""
"GHO","TOBACCO_0000000507",""
"GHO","TOBACCO_0000000508",""
"GHO","TOBACCO_0000000509",""
"GHO","MDG_0000000030",""
"GHO","MDG_0000000031",""
"GHO","WHS5_512",""
"GHO","WHS2_513",""
"GHO","WHS2_514",""
"GHO","WHS2_515",""
"GHO","WHS2_516",""
"GHO","WHS6_517",""
"GHO","WHS6_518",""
"GHO","WHS6_519",""
"GHO","WHS6_520",""
"GHO","MDG_0000000032",""
"GHO","WHS3_522",""
"GHO","WHS2_523",""
"GHO","TOBACCO_0000000524",""
"GHO","TOBACCO_0000000525",""
"GHO","NUTRITION_564",""
"GHO","NUTRITION_565",""
"GHO","NUTRITION_566",""
"GHO","NUTRITION_567",""
"GHO","NUTRITION_568",""
"GHO","NUTRITION_569",""
"GHO","NUTRITION_570",""
"GHO","NUTRITION_571",""
"GHO","NUTRITION_573",""
"GHO","NUTRITION_572",""
"GHO","NUTRITION_574",""
"GHO","NUTRITION_575",""
"GHO","NUTRITION_576",""
"GHO","NUTRITION_577",""
"GHO","NUTRITION_578",""
"GHO","NUTRITION_579",""
"GHO","WHS4_543",""
"GHO","WHS4_544",""
"GHO","SA_0000001398",""
"GHO","SA_0000001399",""
"GHO","SA_0000001400",""
"GHO","SA_0000001401",""
"GHO","SA_0000001402",""
"GHO","SA_0000001403",""
"GHO","SA_0000001404",""
"GHO","SA_0000001405",""
"GHO","SA_0000001406",""
"GHO","MDG_0000000033",""
"GHO","MDG_0000000034",""
"GHO","SA_0000001409",""
"GHO","SA_0000001410",""
"GHO","SA_0000001411",""
"GHO","SA_0000001412",""
"GHO","SA_0000001413",""
"GHO","SA_0000001414",""
"GHO","SA_0000001415",""
"GHO","SA_0000001416",""
"GHO","SA_0000001417",""
"GHO","SA_0000001418",""
"GHO","SA_0000001419",""
"GHO","SA_0000001420",""
"GHO","SA_0000001421",""
"GHO","SA_0000001422",""
"GHO","SA_0000001423",""
"GHO","SA_0000001424",""
"GHO","SA_0000001425",""
"GHO","SA_0000001426",""
"GHO","SA_0000001427",""
"GHO","SA_0000001428",""
"GHO","SA_0000001429",""
"GHO","SA_0000001430",""
"GHO","SA_0000001431",""
"GHO","SA_0000001432",""
"GHO","SA_0000001433",""
"GHO","SA_0000001434",""
"GHO","SA_0000001435",""
"GHO","SA_0000001436",""
"GHO","SA_0000001437",""
"GHO","SA_0000001438",""
"GHO","SA_0000001439",""
"GHO","SA_0000001440",""
"GHO","SA_0000001441",""
"GHO","SA_0000001442",""
"GHO","SA_0000001443",""
"GHO","SA_0000001444",""
"GHO","SA_0000001445",""
"GHO","SA_0000001446",""
"GHO","SA_0000001447",""
"GHO","SA_0000001448",""
"GHO","SA_0000001449",""
"GHO","SA_0000001450",""
"GHO","SA_0000001451",""
"GHO","SA_0000001452",""
"GHO","SA_0000001453",""
"GHO","SA_0000001454",""
"GHO","SA_0000001455",""
"GHO","SA_0000001456",""
"GHO","SA_0000001457",""
"GHO","SA_0000001458",""
"GHO","SA_0000001459",""
"GHO","SA_0000001460",""
"GHO","SA_0000001461",""
"GHO","SA_0000001462",""
"GHO","SA_0000001463",""
"GHO","SA_0000001464",""
"GHO","SA_0000001465",""
"GHO","SA_0000001466",""
"GHO","SA_0000001467",""
"GHO","SA_0000001468",""
"GHO","SA_0000001469",""
"GHO","SA_0000001470",""
"GHO","SA_0000001471",""
"GHO","SA_0000001472",""
"GHO","SA_0000001473",""
"GHO","SA_0000001474",""
"GHO","SA_0000001475",""
"GHO","SA_0000001476",""
"GHO","SA_0000001477",""
"GHO","HIV_0000000001",""
"GHO","HIV_0000000002",""
"GHO","HIV_0000000003",""
"GHO","HIV_0000000004",""
"GHO","HIV_0000000005",""
"GHO","HIV_0000000006",""
"GHO","HIV_0000000007",""
"GHO","HIV_0000000008",""
"GHO","HIV_0000000009",""
"GHO","HIV_0000000010",""
"GHO","HIV_0000000011",""
"GHO","HIV_0000000012",""
"GHO","HIV_0000000013",""
"GHO","HIV_0000000014",""
"GHO","HIV_0000000015",""
"GHO","HIV_0000000016",""
"GHO","HIV_0000000017",""
"GHO","HIV_0000000018",""
"GHO","HIV_0000000019",""
"GHO","HIV_0000000020",""
"GHO","HIV_0000000021",""
"GHO","HIV_0000000022",""
"GHO","HIV_0000000023",""
"GHO","HIV_0000000024",""
"GHO","SA_0000001502",""
"GHO","SA_0000001503",""
"GHO","SA_0000001504",""
"GHO","SA_0000001505",""
"GHO","SA_0000001506",""
"GHO","NUTRITION_0",""
"GHO","NUTRITION_1",""
"GHO","NUTRITION_2",""
"GHO","NUTRITION_3",""
"GHO","LEAD_1",""
"GHO","LEAD_2",""
"GHO","LEAD_3",""
"GHO","LEAD_4",""
"GHO","LEAD_5",""
"GHO","LEAD_6",""
"GHO","LEAD_7",""
"GHO","LEAD_8",""
"GHO","LEAD_9",""
"GHO","LEAD_10",""
"GHO","SHS_1",""
"GHO","SHS_2",""
"GHO","SHS_3",""
"GHO","SHS_4",""
"GHO","SHS_5",""
"GHO","SHS_6",""
"GHO","SHS_7",""
"GHO","SHS_8",""
"GHO","SHS_9",""
"GHO","SHS_10",""
"GHO","SHS_11",""
"GHO","WSH_1",""
"GHO","WSH_2",""
"GHO","WSH_3",""
"GHO","WSH_4",""
"GHO","WSH_5",""
"GHO","WSH_6",""
"GHO","WSH_7",""
"GHO","WSH_8",""
"GHO","AIR_1",""
"GHO","AIR_2",""
"GHO","AIR_3",""
"GHO","AIR_4",""
"GHO","AIR_5",""
"GHO","AIR_6",""
"GHO","AIR_7",""
"GHO","AIR_8",""
"GHO","AIR_9",""
"GHO","AIR_10",""
"GHO","AIR_11",""
"GHO","AIR_12",""
"GHO","AIR_13",""
"GHO","AIR_14",""
"GHO","AIR_15",""
"GHO","AIR_16",""
"GHO","AIR_17",""
"GHO","AIR_18",""
"GHO","AIR_19",""
"GHO","TB_1",""
"GHO","MENING_1",""
"GHO","MENING_2",""
"GHO","TB_e_mort_exc_tbhiv_num",""
"GHO","TB_e_prev_num",""
"GHO","TB_e_inc_num",""
"GHO","TB_e_inc_tbhiv_100k",""
"GHO","TB_e_inc_tbhiv_num",""
"GHO","AIR_20",""
"GHO","AIR_21",""
"GHO","AIR_22",""
"GHO","AIR_23",""
"GHO","AIR_24",""
"GHO","AIR_25",""
"GHO","AIR_26",""
"GHO","AIR_27",""
"GHO","AIR_28",""
"GHO","AIR_29",""
"GHO","AIR_30",""
"GHO","AIR_31",""
"GHO","AIR_32",""
"GHO","AIR_33",""
"GHO","AIR_34",""
"GHO","TB_tot_newrel",""
"GHO","TB_8_c_cdr",""
"GHO","SA_0000001507",""
"GHO","SA_0000001508",""
"GHO","SA_0000001509",""
"GHO","SA_0000001510",""
"GHO","SA_0000001511",""
"GHO","SA_0000001512",""
"GHO","SA_0000001513",""
"GHO","SA_0000001514",""
"GHO","SA_0000001515",""
"GHO","SA_0000001516",""
"GHO","SA_0000001517",""
"GHO","SA_0000001518",""
"GHO","SA_0000001519",""
"GHO","SA_0000001520",""
"GHO","SA_0000001521",""
"GHO","SA_0000001522",""
"GHO","SA_0000001523",""
"GHO","SA_0000001524",""
"GHO","SA_0000001525",""
"GHO","SA_0000001526",""
"GHO","SA_0000001527",""
"GHO","SA_0000001528",""
"GHO","SA_0000001529",""
"GHO","SA_0000001530",""
"GHO","SA_0000001531",""
"GHO","SA_0000001532",""
"GHO","SA_0000001533",""
"GHO","SA_0000001534",""
"GHO","SA_0000001535",""
"GHO","SA_0000001536",""
"GHO","SA_0000001537",""
"GHO","SA_0000001538",""
"GHO","SA_0000001539",""
"GHO","SA_0000001540",""
"GHO","SA_0000001541",""
"GHO","SA_0000001542",""
"GHO","SA_0000001543",""
"GHO","SA_0000001544",""
"GHO","SA_0000001545",""
"GHO","SA_0000001546",""
"GHO","SA_0000001547",""
"GHO","SA_0000001548",""
"GHO","SA_0000001549",""
"GHO","SA_0000001550",""
"GHO","SA_0000001551",""
"GHO","SA_0000001552",""
"GHO","SA_0000001553",""
"GHO","SA_0000001554",""
"GHO","SA_0000001555",""
"GHO","SA_0000001651",""
"GHO","SA_0000001653",""
"GHO","SA_0000001652",""
"GHO","SA_0000001647",""
"GHO","SA_0000001648",""
"GHO","SA_0000001650",""
"GHO","SA_0000001649",""
"GHO","SA_0000001676",""
"GHO","SA_0000001677",""
"GHO","SA_0000001678",""
"GHO","SA_0000001679",""
"GHO","SA_0000001680",""
"GHO","SA_0000001681",""
"GHO","SA_0000001682",""
"GHO","SA_0000001683",""
"GHO","SA_0000001654",""
"GHO","SA_0000001655",""
"GHO","SA_0000001684",""
"GHO","SA_0000001685",""
"GHO","SA_0000001686",""
"GHO","SA_0000001687",""
"GHO","TB_new_sp",""
"GHO","TB_new_sn",""
"GHO","TB_new_su",""
"GHO","TB_new_ep",""
"GHO","TB_new_oth",""
"GHO","TB_ret_rel",""
"GHO","TB_ret_taf",""
"GHO","TB_ret_tad",""
"GHO","TB_ret_oth",""
"GHO","TB_newret_oth",""
"GHO","MORT_100",""
"GHO","MORT_200",""
"GHO","MORT_300",""
"GHO","TB_c_lab_sm_100k",""
"GHO","TB_c_lab_cul_5m",""
"GHO","TB_c_lab_dst_5m",""
"GHO","TB_sldst_avail",""
"GHO","TB_nrl",""
"GHO","TB_r_rgmn_new_initcont",""
"GHO","TB_fdc_pcnt",""
"GHO","TB_paed_form",""
"GHO","TB_c_new_snep_tsr",""
"GHO","TB_c_ret_tsr",""
"GHO","NCD_BMI_25A",""
"GHO","NCD_BMI_25C",""
"GHO","NCD_BMI_30A",""
"GHO","NCD_BMI_30C",""
"GHO","NCD_BMI_MEAN",""
"GHO","NCD_PAA",""
"GHO","NCD_PAC",""
"GHO","CC_1",""
"GHO","CC_2",""
"GHO","CC_3",""
"GHO","CC_4",""
"GHO","CC_5",""
"GHO","CC_6",""
"GHO","CC_7",""
"GHO","CC_8",""
"GHO","OCC_1",""
"GHO","OCC_2",""
"GHO","OCC_3",""
"GHO","OCC_4",""
"GHO","TOTENV_1",""
"GHO","TOTENV_2",""
"GHO","TOTENV_3",""
"GHO","TOTENV_4",""
"GHO","TOTENV_5",""
"GHO","TOTENV_6",""
"GHO","TOTENV_7",""
"GHO","TOTENV_8",""
"GHO","TOTENV_9",""
"GHO","TOTENV_10",""
"GHO","TOTENV_11",""
"GHO","TOTENV_12",""
"GHO","UV_1",""
"GHO","UV_2",""
"GHO","UV_3",""
"GHO","UV_4",""
"GHO","UV_5",""
"GHO","NCD_CCS_NCDUnit",""
"GHO","NCD_CCS_CVDPlan",""
"GHO","NCD_CCS_CancerPlan",""
"GHO","NCD_CCS_DiabPlan",""
"GHO","NCD_CCS_CRDPlan",""
"GHO","NCD_CCS_AlcPlan",""
"GHO","NCD_CCS_DietPlan",""
"GHO","NCD_CCS_PAPlan",""
"GHO","NCD_CCS_TobPlan",""
"GHO","NCD_CCS_CancerReg",""
"GHO","NCD_CCS_RFSurv",""
"GHO","NCD_CCS_DiabGuide",""
"GHO","NCD_CCS_HypGuide",""
"GHO","NCD_CCS_CervCy",""
"GHO","NCD_CCS_AceticAcid",""
"GHO","NCD_CCS_BowelCancer",""
"GHO","NCD_CCS_BreastCancer",""
"GHO","NCD_CCS_DiabetesTest",""
"GHO","NCD_CCS_Electrocard",""
"GHO","NCD_CCS_CholMsmt",""
"GHO","NCD_CCS_Spirom",""
"GHO","NCD_CCS_Insulin",""
"GHO","NCD_CCS_Aspirin",""
"GHO","NCD_CCS_Metformin",""
"GHO","NCD_CCS_Gliben",""
"GHO","NCD_CCS_Thiazide",""
"GHO","NCD_CCS_ACE",""
"GHO","NCD_CCS_CCBlkrs",""
"GHO","NCD_CCS_BetaBlkrs",""
"GHO","NCD_CCS_Tamox",""
"GHO","NCD_CCS_Statins",""
"GHO","NCD_CCS_OralMorph",""
"GHO","NCD_CCS_Nicotine",""
"GHO","NCD_CCS_Salb",""
"GHO","NCD_CCS_Prednis",""
"GHO","NCD_CCS_Steroid",""
"GHO","NCD_CCS_Hydrocort",""
"GHO","NCD_CCS_Ipratro",""
"GHO","NCD_CCS_RetinalPho",""
"GHO","NCD_CCS_RenalTherapy",""
"GHO","NCD_CCS_RadioTherapy",""
"GHO","NCD_CCS_Chemo",""
"GHO","NCD_CCS_Collab",""
"GHO","NCD_CCS_Taxes",""
"GHO","NCD_CCS_Earmarking",""
"GHO","OCC_5",""
"GHO","OCC_6",""
"GHO","OCC_7",""
"GHO","OCC_8",""
"GHO","OCC_9",""
"GHO","OCC_10",""
"GHO","OCC_11",""
"GHO","OCC_12",""
"GHO","OCC_13",""
"GHO","OCC_14",""
"GHO","OCC_15",""
"GHO","OCC_16",""
"GHO","OCC_17",""
"GHO","OCC_18",""
"GHO","OCC_19",""
"GHO","OCC_20",""
"GHO","OCC_21",""
"GHO","OCC_22",""
"GHO","HRH_01",""
"GHO","HRH_02",""
"GHO","HRH_03",""
"GHO","HRH_04",""
"GHO","HRH_05",""
"GHO","HRH_06",""
"GHO","HRH_07",""
"GHO","HRH_08",""
"GHO","HRH_09",""
"GHO","HRH_10",""
"GHO","HRH_11",""
"GHO","HRH_12",""
"GHO","HRH_13",""
"GHO","HRH_14",""
"GHO","HRH_15",""
"GHO","HRH_16",""
"GHO","HRH_17",""
"GHO","HRH_18",""
"GHO","HRH_19",""
"GHO","HRH_20",""
"GHO","HRH_21",""
"GHO","HRH_22",""
"GHO","HRH_23",""
"GHO","HRH_24",""
"GHO","HRH_25",""
"GHO","HRH_26",""
"GHO","HRH_27",""
"GHO","HRH_28",""
"GHO","HRH_29",""
"GHO","HRH_30",""
"GHO","HRH_31",""
"GHO","HRH_32",""
"GHO","HRH_33",""
"GHO","BP_01",""
"GHO","BP_02",""
"GHO","BP_03",""
"GHO","BP_04",""
"GHO","BP_05",""
"GHO","BP_06",""
"GHO","CHOL_01",""
"GHO","CHOL_02",""
"GHO","CHOL_03",""
"GHO","CHOL_04",""
"GHO","RS_1845",""
"GHO","NCD_DTH_TOT",""
"GHO","NCD_DTH_PER",""
"GHO","NCD_CA",""
"GHO","NCD_CHRON",""
"GHO","NCD_CARDIO",""
"GHO","NCD_UNDER70",""
"GHO","CHOL_05",""
"GHO","CHOL_06",""
"GHO","WHOSIS_000014",""
"GHO","NCD_GLUC_01",""
"GHO","NCD_GLUC_02",""
"GHO","NCD_GLUC_03",""
"GHO","NCD_GLUC_04",""
"GHO","WHS6_100",""
"GHO","NCD_BMI_MEANC",""
"GHO","NTD_1",""
"GHO","NTD_2",""
"GHO","NTD_3",""
"GHO","NTD_4",""
"GHO","NTD_5",""
"GHO","EQ_ANC",""
"GHO","EQ_DTP3",""
"GHO","EQ_KNHIV",""
"GHO","EQ_HIVPREV",""
"GHO","EQ_INFANTMORT",""
"GHO","EQ_MEAIMM",""
"GHO","EQ_BMI30",""
"GHO","EQ_SBA",""
"GHO","EQ_STUNT",""
"GHO","EQ_TOBACCO",""
"GHO","EQ_U5MORT",""
"GHO","EQ_URBPOP",""
"GHO","EQ_WATER",""
"GHO","NTD_6",""
"GHO","NTD_7",""
"GHO","NTD_8",""
"GHO","MENING_3",""
"GHO","SA_0000001688",""
"GHO","EQ_URBSLUM",""
"GHO","MDG_0000000005_AGE1519",""
"GHO","MDG_0000000006_AGE1519",""
"GHO","MDG_0000000025_AGE1519",""
"GHO","WHS4_111_AGE1519",""
"GHO","HWWS_2",""
"GHO","HWWS_1",""
"GHO","RSUD_1",""
"GHO","RSUD_2",""
"GHO","RSUD_3",""
"GHO","RSUD_4",""
"GHO","RSUD_5",""
"GHO","RSUD_6",""
"GHO","RSUD_7",""
"GHO","SA_0000001689",""
"GHO","SA_0000001690",""
"GHO","RSUD_8",""
"GHO","RSUD_9",""
"GHO","RSUD_10",""
"GHO","RSUD_11",""
"GHO","RSUD_12",""
"GHO","RSUD_13",""
"GHO","RSUD_14",""
"GHO","RSUD_15",""
"GHO","RSUD_16",""
"GHO","RSUD_17",""
"GHO","RSUD_18",""
"GHO","RSUD_19",""
"GHO","RSUD_20",""
"GHO","RSUD_21",""
"GHO","RSUD_22",""
"GHO","RSUD_23",""
"GHO","RSUD_24",""
"GHO","RSUD_25",""
"GHO","RSUD_26",""
"GHO","RSUD_27",""
"GHO","RSUD_28",""
"GHO","RSUD_29",""
"GHO","RSUD_30",""
"GHO","RSUD_31",""
"GHO","RSUD_32",""
"GHO","RSUD_33",""
"GHO","RSUD_34",""
"GHO","RSUD_35",""
"GHO","RSUD_36",""
"GHO","RSUD_37",""
"GHO","RSUD_38",""
"GHO","RSUD_39",""
"GHO","RSUD_40",""
"GHO","AIR_2_1",""
"GHO","AIR_3_1",""
"GHO","RSUD_41",""
"GHO","RSUD_42",""
"GHO","RSUD_43",""
"GHO","RSUD_44",""
"GHO","RSUD_45",""
"GHO","RSUD_46",""
"GHO","RSUD_47",""
"GHO","RSUD_48",""
"GHO","CM_01",""
"GHO","CM_02",""
"GHO","CM_03",""
"GHO","NCD_UNDER60",""
"GHO","RSUD_49",""
"GHO","RSUD_50",""
"GHO","RSUD_51",""
"GHO","RSUD_52",""
"GHO","RSUD_53",""
"GHO","RSUD_54",""
"GHO","RSUD_55",""
"GHO","RSUD_56",""
"GHO","RSUD_57",""
"GHO","RSUD_58",""
"GHO","RSUD_59",""
"GHO","RSUD_60",""
"GHO","RSUD_61",""
"GHO","RSUD_62",""
"GHO","RSUD_63",""
"GHO","RSUD_64",""
"GHO","RSUD_65",""
"GHO","RSUD_66",""
"GHO","RSUD_67",""
"GHO","RSUD_68",""
"GHO","RSUD_69",""
"GHO","RSUD_70",""
"GHO","RSUD_71",""
"GHO","RSUD_72",""
"GHO","TOBACCO_0000000526",""
"GHO","TOBACCO_0000000527",""
"GHO","TOBACCO_0000000528",""
"GHO","TOBACCO_0000000529",""
"GHO","TOBACCO_0000000530",""
"GHO","TOBACCO_0000000531",""
"GHO","TOBACCO_0000000532",""
"GHO","TOBACCO_0000000533",""
"GHO","TOBACCO_0000000534",""
"GHO","TOBACCO_0000000535",""
"GHO","TOBACCO_0000000536",""
"GHO","TOBACCO_0000000537",""
"GHO","TOBACCO_0000000538",""
"GHO","TOBACCO_0000000539",""
"GHO","TOBACCO_0000000540",""
"GHO","TOBACCO_0000000541",""
"GHO","TOBACCO_0000000542",""
"GHO","TOBACCO_0000000543",""
"GHO","TOBACCO_0000000544",""
"GHO","TOBACCO_0000000545",""
"GHO","TOBACCO_0000000546",""
"GHO","TOBACCO_0000000547",""
"GHO","TOBACCO_0000000548",""
"GHO","TOBACCO_0000000549",""
"GHO","TOBACCO_0000000550",""
"GHO","TOBACCO_0000000551",""
"GHO","TOBACCO_0000000552",""
"GHO","TOBACCO_0000000553",""
"GHO","TOBACCO_0000000554",""
"GHO","TOBACCO_0000000555",""
"GHO","TOBACCO_0000000556",""
"GHO","TOBACCO_0000000557",""
"GHO","TOBACCO_0000000558",""
"GHO","TOBACCO_0000000559",""
"GHO","NUTRITION_2005",""
"GHO","NUTRITION_2006",""
"GHO","NUTRITION_2007",""
"GHO","TOBACCO_0000000560",""
"GHO","TOBACCO_0000000561",""
"GHO","TOBACCO_0000000562",""
"GHO","TOBACCO_0000000563",""
"GHO","RSUD_73",""
"GHO","RSUD_74",""
"GHO","RSUD_75",""
"GHO","RSUD_76",""
"GHO","RSUD_77",""
"GHO","RSUD_78",""
"GHO","RSUD_79",""
"GHO","RSUD_80",""
"GHO","RSUD_81",""
"GHO","RSUD_82",""
"GHO","RSUD_83",""
"GHO","RSUD_84",""
"GHO","RSUD_85",""
"GHO","RSUD_86",""
"GHO","RSUD_87",""
"GHO","RSUD_88",""
"GHO","MH_1",""
"GHO","MH_2",""
"GHO","MH_3",""
"GHO","MH_4",""
"GHO","MH_5",""
"GHO","MH_6",""
"GHO","MH_7",""
"GHO","MH_8",""
"GHO","MH_9",""
"GHO","MH_10",""
"GHO","MH_11",""
"GHO","MH_12",""
"GHO","MH_13",""
"GHO","MH_14",""
"GHO","MH_15",""
"GHO","MH_16",""
"GHO","RSUD_89",""
"GHO","MH_17",""
"GHO","MH_18",""
"GHO","WHS4_108",""
"GHO","WHOSIS_000015",""
"GHO","MALARIA001",""
"GHO","MALARIA002",""
"GHO","MALARIA003",""
"GHO","DEVICES01",""
"GHO","DEVICES02",""
"GHO","DEVICES03",""
"GHO","DEVICES04",""
"GHO","DEVICES05",""
"GHO","DEVICES06",""
"GHO","DEVICES07",""
"GHO","DEVICES08",""
"GHO","DEVICES09",""
"GHO","DEVICES10",""
"GHO","DEVICES11",""
"GHO","DEVICES12",""
"GHO","DEVICES13",""
"GHO","DEVICES14",""
"GHO","DEVICES15",""
"GHO","DEVICES16",""
"GHO","DEVICES17",""
"GHO","DEVICES18",""
"GHO","DEVICES19",""
"GHO","DEVICES20",""
"GHO","DEVICES21",""
"GHO","DEVICES22",""
"GHO","DEVICES23",""
"GHO","WHS4_2530",""
"GHO","SA_0000001691",""
"GHO","SA_0000001692",""
"GHO","SA_0000001693",""
"GHO","SA_0000001694",""
"GHO","SA_0000001695",""
"GHO","SA_0000001696",""
"GHO","WHS2_3070_all",""
"GHO","WHS2_3070_cancer",""
"GHO","WHS2_3070_cdd",""
"GHO","WHS2_3070_chronic",""
"GHO","WHS9_CBR",""
"GHO","WHS9_CDR",""
"GHO","WHS9_CS",""
"GHO","WHS10_1",""
"GHO","WHS10_2",""
"GHO","WHS10_3",""
"GHO","WHS10_4",""
"GHO","WHS10_5",""
"GHO","WHS10_6",""
"GHO","WHS10_7",""
"GHO","WHS10_8",""
"GHO","WHS10_9",""
"GHO","WHS10_10",""
"GHO","HIV_0000000025",""
"GHO","MALARIA004",""
"GHO","anc1",""
"GHO","bcgv",""
"GHO","cpmo",""
"GHO","cpmt",""
"GHO","dptv",""
"GHO","ebreast",""
"GHO","famplan",""
"GHO","full",""
"GHO","itnchild",""
"GHO","measlesv",""
"GHO","ort",""
"GHO","pneumcare",""
"GHO","poliov",""
"GHO","sba",""
"GHO","stunt",""
"GHO","uweight",""
"GHO","vita",""
"GHO","anc13",""
"GHO","anc15",""
"GHO","anc43",""
"GHO","anc45",""
"GHO","csection3",""
"GHO","csection5",""
"GHO","ebreast3",""
"GHO","ebreast5",""
"GHO","itnpreg",""
"GHO","obese",""
"GHO","pncall3",""
"GHO","pncall5",""
"GHO","pnchome3",""
"GHO","pnchome5",""
"GHO","sba3",""
"GHO","sba5",""
"GHO","stunt3",""
"GHO","stunt5",""
"GHO","uweight3",""
"GHO","uweight5",""
"GHO","asfr1",""
"GHO","tfr",""
"GHO","cmr",""
"GHO","imr",""
"GHO","nmr",""
"GHO","pnmr",""
"GHO","u5mr",""
"GHO","SA_0000001697",""
"GHO","SA_0000001698",""
"GHO","SA_0000001699",""
"GHO","SA_0000001700",""
"GHO","SA_0000001701",""
"GHO","SA_0000001702",""
"GHO","SA_0000001703",""
"GHO","SA_0000001704",""
"GHO","SA_0000001705",""
"GHO","SA_0000001706",""
"GHO","SA_0000001707",""
"GHO","SA_0000001708",""
"GHO","SA_0000001709",""
"GHO","SA_0000001710",""
"GHO","SA_0000001711",""
"GHO","SA_0000001712",""
"GHO","SA_0000001713",""
"GHO","SA_0000001714",""
"GHO","SA_0000001715",""
"GHO","SA_0000001716",""
"GHO","SA_0000001717",""
"GHO","MEDS201110200",""
"GHO","MEDS201120200C",""
"GHO","MEDS2011400C",""
"GHO","MEDS2011600C",""
"GHO","MEDS201170200C",""
"GHO","MEDS2020200C",""
"GHO","MEDS3010400",""
"GHO","MEDS3010700",""
"GHO","MEDS3011000",""
"GHO","MEDS5010200",""
"GHO","MEDS5010700",""
"GHO","MEDS5020100",""
"GHO","MEDS5021700S",""
"GHO","MEDS5021800S",""
"GHO","MEDS5030200",""
"GHO","MEDS5050200",""
"GHO","MEDS5050900",""
"GHO","MEDS5060200",""
"GHO","MEDS5070100",""
"GHO","MEDS5070300",""
"GHO","MEDS5080100",""
"GHO","MEDS5090300",""
"GHO","MEDS5100400",""
"GHO","MEDS6010102",""
"GHO","MEDS6010103",""
"GHO","MEDS6010201",""
"GHO","MEDS6010300",""
"GHO","MEDS6030100",""
"GHO","MEDS6060100",""
"GHO","MEDS6060200",""
"GHO","MEDS6060300",""
"GHO","MEDS7010400",""
"GHO","MEDS7020900S",""
"GHO","MEDS8010100",""
"GHO","MEDS8010200",""
"GHO","MEDS8010500",""
"GHO","MEDS8010800",""
"GHO","MEDS8011200",""
"GHO","MEDS8021201",""
"GHO","MEDS8021202",""
"GHO","MEDS8030400",""
"GHO","MEDS8030500",""
"GHO","MEDS3011302",""
"GHO","MEDS5020600",""
"GHO","MEDS5100800",""
"GHO","MEDS4020300",""
"GHO","MEDS2012100S",""
"GHO","NHABASIS",""
"GHO","PerctestedANC",""
"GHO","PercposANC",""
"GHO","PercposSW",""
"GHO","PercposMSM",""
"GHO","HIV_0000000026",""
"GHO","NCDMORT3070",""
"GHO","RS_239",""
"GHO","RS_240",""
"GHO","RS_241",""
"GHO","MALARIA005",""
"GHO","WHS_PBR",""
"GHO","GBD_ASDR",""
"GHO","MEDS1_01_01",""
"GHO","MEDS1_02_01",""
"GHO","MEDS1_02_02",""
"GHO","MEDS1_02_04",""
"GHO","MEDS1_02_03",""
"GHO","MEDS1_01_03",""
"GHO","MEDS1_01_05",""
"GHO","MEDS1_02_11",""
"GHO","MEDS1_02_12",""
"GHO","MEDS1_02_13",""
"GHO","MEDS1_02_15",""
"GHO","MEDS1_02_16",""
"GHO","MEDS1_02_14",""
"GHO","MEDS2_01_01_02",""
"GHO","MEDS2_01_03_02",""
"GHO","MEDS2_01_04_02",""
"GHO","MEDS2_01_07_02",""
"GHO","MEDS2_01_05",""
"GHO","MEDS2_01_06",""
"GHO","MEDS",""
"GHO","MEDS2_01_08",""
"GHO","MEDS2_01_24",""
"GHO","MEDS2_01_26",""
"GHO","MEDS2_01_10",""
"GHO","MEDS2_01_09",""
"GHO","MEDS2_01_11_02",""
"GHO","MEDS2_01_14",""
"GHO","MEDS2_01_13",""
"GHO","MEDS2_01_12_02",""
"GHO","MEDS2_01_15_02",""
"GHO","MEDS2_01_18_02",""
"GHO","MEDS2_01_21",""
"GHO","MEDS2_02_01",""
"GHO","MEDS2_02_02",""
"GHO","MEDS3_01_01",""
"GHO","MEDS3_01_02",""
"GHO","MEDS3_01_04",""
"GHO","MEDS3_01_07",""
"GHO","MEDS3_01_12_01",""
"GHO","MEDS3_01_08",""
"GHO","MEDS3_01_09",""
"GHO","MEDS3_01_10",""
"GHO","MEDS3_01_13",""
"GHO","MEDS3_01_11",""
"GHO","MEDS3_01_14",""
"GHO","MEDS3_01_15",""
"GHO","MEDS3_01_16",""
"GHO","MEDS4_01_02_01",""
"GHO","MEDS4_01_02_02",""
"GHO","MEDS4_01_02_03",""
"GHO","MEDS4_01_02_04",""
"GHO","MEDS4_01_04",""
"GHO","MEDS4_01_06",""
"GHO","MEDS4_01_07_01",""
"GHO","MEDS4_01_07_02",""
"GHO","MEDS4_01_08",""
"GHO","MEDS4_01_10",""
"GHO","MEDS4_01_11",""
"GHO","MEDS4_01_12",""
"GHO","MEDS4_02_01",""
"GHO","MEDS4_02_02_01",""
"GHO","MEDS4_02_02_02",""
"GHO","MEDS4_02_02_03",""
"GHO","MEDS4_02_02_04",""
"GHO","MEDS4_02_03",""
"GHO","MEDS4_02_05",""
"GHO","MEDS5_01_01",""
"GHO","MEDS5_01_02",""
"GHO","MEDS5_01_04_01",""
"GHO","MEDS5_01_04_02",""
"GHO","MEDS5_01_07",""
"GHO","MEDS5_01_08",""
"GHO","MEDS5_01_09",""
"GHO","MEDS5_01_10",""
"GHO","MEDS5_01_15",""
"GHO","MEDS5_01_05_01",""
"GHO","MEDS5_01_05_02",""
"GHO","MEDS5_01_05_03",""
"GHO","MEDS5_01_05_04",""
"GHO","MEDS5_01_05_05",""
"GHO","MEDS5_01_05_06",""
"GHO","MEDS5_01_05_07",""
"GHO","MEDS5_01_05_08",""
"GHO","MEDS5_01_05_09",""
"GHO","MEDS5_01_11",""
"GHO","MEDS5_01_12",""
"GHO","MEDS5_01_13",""
"GHO","MEDS5_01_14",""
"GHO","MEDS5_02_01",""
"GHO","MEDS5_02_02",""
"GHO","MEDS5_02_03",""
"GHO","MEDS5_02_04",""
"GHO","MEDS5_02_05",""
"GHO","MEDS5_02_06",""
"GHO","MEDS5_02_07",""
"GHO","MEDS5_02_08",""
"GHO","MEDS5_02_09",""
"GHO","MEDS5_02_17",""
"GHO","MEDS5_02_18",""
"GHO","MEDS5_03_01",""
"GHO","MEDS5_03_02",""
"GHO","MEDS5_03_03_01",""
"GHO","MEDS5_03_03_02",""
"GHO","MEDS5_03_04",""
"GHO","MEDS5_03_05_01",""
"GHO","MEDS5_03_05_02",""
"GHO","MEDS5_03_05_03",""
"GHO","MEDS5_03_05_04",""
"GHO","MEDS5_03_05_05",""
"GHO","MEDS5_04_01",""
"GHO","MEDS5_04_02",""
"GHO","MEDS5_04_03",""
"GHO","MEDS5_04_04",""
"GHO","MEDS5_05_02",""
"GHO","MEDS5_05_01",""
"GHO","MEDS5_05_04",""
"GHO","MEDS5_05_05",""
"GHO","MEDS5_05_09",""
"GHO","MEDS5_05_10",""
"GHO","MEDS5_05_06",""
"GHO","MEDS5_05_08",""
"GHO","MEDS5_05_03",""
"GHO","MEDS5_05_07",""
"GHO","MEDS5_05_11",""
"GHO","MEDS5_05_12",""
"GHO","MEDS5_06_01",""
"GHO","MEDS5_06_02",""
"GHO","MEDS5_06_02_01",""
"GHO","MEDS5_06_02_02",""
"GHO","MEDS5_06_04_01",""
"GHO","MEDS5_06_04_02",""
"GHO","MEDS5_06_04_03",""
"GHO","MEDS5_06_04_04",""
"GHO","MEDS5_06_04_05",""
"GHO","MEDS5_06_04_06",""
"GHO","MEDS5_06_06",""
"GHO","MEDS5_06_07",""
"GHO","MEDS5_07_01",""
"GHO","MEDS5_07_03",""
"GHO","MEDS5_07_04",""
"GHO","MEDS5_07_05",""
"GHO","MEDS5_07_06",""
"GHO","MEDS5_07_06_01",""
"GHO","MEDS5_07_06_02",""
"GHO","MEDS5_07_06_03",""
"GHO","MEDS5_07_06_04",""
"GHO","MEDS5_08_01",""
"GHO","MEDS5_08_02",""
"GHO","MEDS5_08_03",""
"GHO","MEDS5_09_01_01",""
"GHO","MEDS5_09_01_02",""
"GHO","MEDS5_09_01_03",""
"GHO","MEDS5_09_01_04",""
"GHO","MEDS5_09_02",""
"GHO","MEDS5_09_03",""
"GHO","MEDS5_10_01",""
"GHO","MEDS5_10_02",""
"GHO","MEDS5_10_03",""
"GHO","MEDS5_10_04",""
"GHO","MEDS5_10_04_02",""
"GHO","MEDS5_10_04_03",""
"GHO","MEDS5_10_07",""
"GHO","MEDS5_10_08",""
"GHO","MEDS5_10_09_01",""
"GHO","MEDS6_01_01_01",""
"GHO","MEDS6_01_01_02",""
"GHO","MEDS6_01_01_03",""
"GHO","MEDS6_01_01_04",""
"GHO","MEDS6_01_02_01",""
"GHO","MEDS6_01_02_02",""
"GHO","MEDS6_01_02_03",""
"GHO","MEDS6_01_02_04",""
"GHO","MEDS6_01_02_05",""
"GHO","MEDS6_01_02_06",""
"GHO","MEDS6_01_02_07",""
"GHO","MEDS6_01_03",""
"GHO","MEDS6_01_03_01",""
"GHO","MEDS6_01_03_02",""
"GHO","MEDS6_01_04",""
"GHO","MEDS6_01_04_01",""
"GHO","MEDS6_02_01",""
"GHO","MEDS6_02_02",""
"GHO","MEDS6_03_01",""
"GHO","MEDS6_03_01_01",""
"GHO","MEDS6_03_01_02",""
"GHO","MEDS6_03_01_03",""
"GHO","MEDS6_06_01",""
"GHO","MEDS6_06_02",""
"GHO","MEDS6_06_03",""
"GHO","MEDS6_06_07",""
"GHO","MEDS6_06_08",""
"GHO","MEDS6_06_09",""
"GHO","MEDS6_02_03",""
"GHO","MEDS7_01_01_01",""
"GHO","MEDS7_01_01_02",""
"GHO","MEDS7_01_02_01",""
"GHO","MEDS7_01_02_02",""
"GHO","MEDS7_01_02_03",""
"GHO","MEDS7_01_02_04",""
"GHO","MEDS7_01_03",""
"GHO","MEDS7_01_04",""
"GHO","MEDS7_01_05",""
"GHO","MEDS7_02_01",""
"GHO","MEDS7_02_03",""
"GHO","MEDS7_02_04",""
"GHO","MEDS7_02_04_01",""
"GHO","MEDS7_02_05",""
"GHO","MEDS7_02_06",""
"GHO","MEDS7_02_09",""
"GHO","MEDS7_03_01",""
"GHO","MEDS7_03_02",""
"GHO","MEDS7_03_03",""
"GHO","MEDS7_03_04",""
"GHO","MEDS8_02_08_01",""
"GHO","MEDS8_02_08_02",""
"GHO","MEDS8_02_08_03",""
"GHO","MEDS8_02_08_04",""
"GHO","MEDS8_02_09",""
"GHO","MEDS8_02_10",""
"GHO","MEDS8_02_11",""
"GHO","MEDS8_02_12_01",""
"GHO","MEDS8_02_12_02",""
"GHO","MEDS8_03_02_01",""
"GHO","MEDS8_03_02_02",""
"GHO","MEDS8_03_02_03",""
"GHO","MEDS8_03_02_04",""
"GHO","MEDS8_03_02_05",""
"GHO","MEDS8_03_04",""
"GHO","MEDS8_03_05",""
"GHO","MEDS8_03_06",""
"GHO","MEDS8_03_07",""
"GHO","MEDS8_01_08",""
"GHO","MEDS8_01_09",""
"GHO","MEDS8_01_10",""
"GHO","MEDS8_01_11",""
"GHO","MEDS8_01_12",""
"GHO","MEDS8_01_18",""
"GHO","MEDS8_01_19",""
"GHO","MEDS8_02_01",""
"GHO","MEDS8_02_02",""
"GHO","MEDS8_02_03",""
"GHO","MEDS8_02_04",""
"GHO","MEDS8_02_05",""
"GHO","MEDS8_02_06",""
"GHO","MEDS8_02_07",""
"GHO","MEDS8_02_13",""
"GHO","MEDS8_02_15",""
"GHO","MEDS8_02_16",""
"GHO","MEDS8_02_17",""
"GHO","MEDS8_02_19",""
"GHO","MEDS8_02_23",""
"GHO","MEDS8_03_10_01",""
"GHO","MEDS8_03_10_02",""
"GHO","MEDS8_03_10_03",""
"GHO","MEDS8_03_10_04",""
"GHO","MEDS8_03_01",""
"GHO","MEDS8_01_01_01",""
"GHO","MEDS8_01_01_02",""
"GHO","MEDS8_01_01_03",""
"GHO","MEDS8_01_01_04",""
"GHO","MEDS8_01_02",""
"GHO","MEDS8_01_03",""
"GHO","MEDS8_01_04",""
"GHO","MEDS8_01_05",""
"GHO","MEDS8_01_06",""
"GHO","MEDS8_01_07",""
"GHO","MEDS8_01_14",""
"GHO","MEDS8_01_15",""
"GHO","MEDS8_01_16",""
"GHO","MEDS8_01_16_01",""
"GHO","MEDS8_01_17",""
"GHO","MEDS8_02_14",""
"GHO","MEDS8_03_03",""
"GHO","MORT_500",""
"GHO","MORT_400",""
"GHO","CCO_1",""
"GHO","CCO_2",""
"GHO","CCO_3",""
"GHO","MEDS2_01_15_02_01",""
"GHO","MEDS0_0_0",""
"GHO","MEDS8_01_12_01",""
"GHO","MEDS8_01_01",""
"GHO","NUTOVERWEIGHTPREV",""
"GHO","NUTOVERWEIGHTNUM",""
"GHO","NUTSEVWASTINGPREV",""
"GHO","NUTSEVWASTINGNUM",""
"GHO","NUTSTUNTINGPREV",""
"GHO","NUTSTUNTINGNUM",""
"GHO","NUTUNDERWEIGHTPREV",""
"GHO","NUTUNDERWEIGHTNUM",""
"GHO","NUTWASTINGPREV",""
"GHO","NUTWASTINGNUM",""
"GHO","RHR_IPV",""
"GHO","RHR_NPSV",""
"GHO","ORGANPOP",""
"GHO","ORGANKIDNEYNUM",""
"GHO","ORGANKIDNEYRATE",""
"GHO","ORGANLIVERNUM",""
"GHO","ORGANLIVERRATE",""
"GHO","ORGANTOTALNUM",""
"GHO","ORGANTOTALRATE",""
"GHO","ORGANTOTALDECNUM",""
"GHO","ORGANTOTALDECRATE",""
"GHO","M_Group",""
"GHO","P_Group",""
"GHO","O_Group",""
"GHO","W_Group",""
"GHO","W-MM_Group",""
"GHO","E_Group",""
"GHO","R_Group",""
"GHO","M_Est_tob_curr",""
"GHO","M_Est_tob_daily",""
"GHO","M_Est_cig_curr",""
"GHO","M_Est_cig_daily",""
"GHO","M_svy_yr_adult",""
"GHO","M_survey_title_adult",""
"GHO","M_svy_national_adult",""
"GHO","M_svy_age_adult",""
"GHO","M_def_1_text_adult",""
"GHO","M_def_1_prev_adult",""
"GHO","M_def_2_text_adult",""
"GHO","M_def_2_prev_adult",""
"GHO","M_smkless_svy_yr_adult",""
"GHO","M_smkless_survey_title_adult",""
"GHO","M_smkless_svy_national_adult",""
"GHO","M_smkless_age_range_adult",""
"GHO","M_smkless_def_text_adult",""
"GHO","M_smkless_prev_adult",""
"GHO","M_svy_yr_youth",""
"GHO","M_survey_title_youth",""
"GHO","M_svy_national_youth",""
"GHO","M_svy_age_youth",""
"GHO","M_def_1_text_youth",""
"GHO","M_def_1_prev_youth",""
"GHO","M_def_2_text_youth",""
"GHO","M_def_2_prev_youth",""
"GHO","M_smkless_svy_yr_youth",""
"GHO","M_smkless_survey_title_youth",""
"GHO","M_smkless_svy_national_youth",""
"GHO","M_smkless_age_range_youth",""
"GHO","M_smkless_def_text_youth",""
"GHO","M_smkless_prev_youth",""
"GHO","P1_healthcare",""
"GHO","P2_education",""
"GHO","P3_universities",""
"GHO","P4_govt",""
"GHO","P5_indoor_off",""
"GHO","P6_restaurants",""
"GHO","P7_pubs",""
"GHO","P8_pub_transp",""
"GHO","P9_all_other",""
"GHO","PC_sfe_compliance",""
"GHO","P_count_places_sf",""
"GHO","P11_fines_any",""
"GHO","P12_fines_establishment",""
"GHO","P13_fines_smoker",""
"GHO","P14_funds_for_enforce",""
"GHO","P15_complaints",""
"GHO","P10_subnat_auth_exists",""
"GHO","P_subnat_complete_ban_exists",""
"GHO","O_Quitline",""
"GHO","O_Avail_hosp",""
"GHO","O_Ins_hosp",""
"GHO","O_Avail_hlthSPACEclin",""
"GHO","O_Avail_off_hlth_prof",""
"GHO","O_Ins_off_hlth_prof",""
"GHO","O_Avail_community",""
"GHO","O_Ins_community",""
"GHO","O_Avail_other",""
"GHO","O_Ins_other",""
"GHO","O_NRT_sold",""
"GHO","O_NRT_where",""
"GHO","O_NRT_ins",""
"GHO","O_NRT_EML",""
"GHO","O_Bup_sold",""
"GHO","O_Bup_where",""
"GHO","O_Bup_ins",""
"GHO","O_Varen_sold",""
"GHO","O_Varen_where",""
"GHO","O_Varen_ins",""
"GHO","W1_HW_law_A",""
"GHO","W2_pc_front_back_A",""
"GHO","W3_pc_front_A",""
"GHO","W4_pc_back_A",""
"GHO","W15_specific_hw_A",""
"GHO","W16_number_hw_A",""
"GHO","W11_outside_pack_A",""
"GHO","W14_harm_effects_A",""
"GHO","W6_font_A",""
"GHO","W7_rotation_A",""
"GHO","W8_princ_langs_A",""
"GHO","W10_graphic_A",""
"GHO","W5_top_side_A",""
"GHO","W13_ind_liability_A",""
"GHO","W12_imports_dutyfree_A",""
"GHO","W9_no_obscure_A",""
"GHO","W17_fines_A",""
"GHO","W18_misleading_terms_A",""
"GHO","W19_colours_numbers_A",""
"GHO","W20_flavours_A",""
"GHO","W21_emissions_A",""
"GHO","W22_emissions_qual_A",""
"GHO","W23_emissions_front_back_A",""
"GHO","W24_exp_date_A",""
"GHO","W25_quitline_number_A",""
"GHO","W26_plainSPACEpackaging_A",""
"GHO","W27_smokeless_prod_ban",""
"GHO","W1_HW_law_C",""
"GHO","W2_pc_front_back_C",""
"GHO","W3_pc_front_C",""
"GHO","W4_pc_back_C",""
"GHO","W15_specific_hw_C",""
"GHO","W16_number_hw_C",""
"GHO","W11_outside_pack_C",""
"GHO","W14_harm_effects_C",""
"GHO","W6_font_C",""
"GHO","W7_rotation_C",""
"GHO","W8_princ_langs_C",""
"GHO","W10_graphic_C",""
"GHO","W5_top_side_C",""
"GHO","W13_ind_liability_C",""
"GHO","W12_imports_dutyfree_C",""
"GHO","W9_no_obscure_C",""
"GHO","W17_fines_C",""
"GHO","W18_misleading_terms_C",""
"GHO","W19_colours_numbers_C",""
"GHO","W20_flavours_C",""
"GHO","W21_emissions_quant_C",""
"GHO","W22_emissions_qual_C",""
"GHO","W23_emissions_front_back_C",""
"GHO","W24_exp_date_C",""
"GHO","W25_quitline_number_C",""
"GHO","W26_plainSPACEpackaging_C",""
"GHO","Camp_nat",""
"GHO","Camp_gov_prog",""
"GHO","Camp_mat_tested",""
"GHO","Camp_aud_research",""
"GHO","Camp_tv_radio",""
"GHO","Camp_media_planning",""
"GHO","Camp_news",""
"GHO","Camp_airtime",""
"GHO","Camp_eval_impact",""
"GHO","E1_nat_tv_radio",""
"GHO","E2_intl_tv_radio",""
"GHO","E3_nat_print",""
"GHO","E4_intl_print",""
"GHO","E5_billboards",""
"GHO","E6_pt_of_sale",""
"GHO","E7_internet",""
"GHO","EC_direct_compliance",""
"GHO","E9_free_distrib",""
"GHO","E10_promo_discounts",""
"GHO","E11_brand_stretching",""
"GHO","E12_brand_sharing",""
"GHO","E13_brand_placement",""
"GHO","E14_prod_tv_films",""
"GHO","E15_sponsored_events",""
"GHO","EC_indirect_compliance",""
"GHO","E16_csr_promo_self",""
"GHO","E17_csr_promo_others",""
"GHO","E18_csr_anti_tobacco_media",""
"GHO","E19_movies_anti_tob_ads",""
"GHO","E21_vending_machines",""
"GHO","E22_subnational_exists",""
"GHO","R_Curr_mp",""
"GHO","R_Price_mp_estimate",""
"GHO","R_Price_mp_ppp",""
"GHO","R_Price_mp_usd",""
"GHO","R_Curr_lowest_cost",""
"GHO","R_Price_lowest_estimate",""
"GHO","R_Price_lowest_ppp",""
"GHO","R_Price_lowest_usd",""
"GHO","R_Sp_excise_estimate",""
"GHO","R_Ad_val_estimate",""
"GHO","R_imp_duty_estimate",""
"GHO","R_VAT_estimate",""
"GHO","R_Other_estimate",""
"GHO","R_total_tax_estimate",""
"GHO","R_excise_incr",""
"GHO","R_Curr_average",""
"GHO","R_Price_average_curr",""
"GHO","R_Price_average_ppp",""
"GHO","R_Price_average_usd",""
"GHO","R_Sp_excise_average",""
"GHO","R_Ad_val_average",""
"GHO","R_imp_duty_average",""
"GHO","R_VAT_average",""
"GHO","R_Other_average",""
"GHO","R_total_tax_average",""
"GHO","Rev_type",""
"GHO","Rev_year",""
"GHO","Rev_curr",""
"GHO","Rev_excise",""
"GHO","Rev_VAT",""
"GHO","Rev_imp_other",""
"GHO","Rev_govt_total",""
"GHO","NTCP_govt_obj",""
"GHO","NTCP_agcy",""
"GHO","NTCP_FTE",""
"GHO","NTCP_govt_exp",""
"GHO","NTCP_curr",""
"GHO","NTCP_budget_year",""
"GHO","NTCP_usd",""
"GHO","P16_subnat_complete_bans_exist",""
"GHO","EQ_UNDERWEIGHT",""
"GHO","EQ_OVERWEIGHT",""
"GHO","EQ_WATERIMPROVED",""
"GHO","EQ_WATERPIPED",""
"GHO","EQ_WATERPREMISES",""
"GHO","EQ_HOUSENETS",""
"GHO","EQ_SLEPTNETS",""
"GHO","EQ_SOLIDFUELS",""
"GHO","EQ_SLUM",""
"GHO","TB_newinc",""
"GHO","NTD_YAWSEND",""
"GHO","NTD_YAWSNUM",""
"GHO","TB_c_newinc",""
"GHO","TB_hivtest_pct",""
"GHO","TB_hivtest_pos_pct",""
"GHO","TB_hiv_cpt_pct",""
"GHO","TB_hiv_art_pct",""
"GHO","TB_e_mdr_num",""
"GHO","TB_c_dst_rlt_new_pct",""
"GHO","TB_c_dst_rlt_ret_pct",""
"GHO","TB_mdr",""
"GHO","TB_conf_mdr_tx_pct",""
"GHO","TB_c_mdr_tsr",""
"GHO","TB_c_notified",""
"GHO","O_Avail_hlth_clin",""
"GHO","O_Ins_hlth_clin",""
"GHO","MORT_600",""
"GHO","MORT_700",""
"GHO","ITU_IDI",""
"GHO","ITU_IDI_RANK",""
"GHO","ITU_ICT_1",""
"GHO","GHE_DALYNUM",""
"GHO","GHE_DALYRATE",""
"GHO","GHE_YLDNUM",""
"GHO","GHE_YLDRATE",""
"GHO","GHE_YLLNUM",""
"GHO","GHE_YLLRATE",""
"GHO","ITU_ICT_2",""
"GHO","NTD_LEISHCEND",""
"GHO","NTD_LEISHVEND",""
"GHO","NTD_LEISHCNUM",""
"GHO","NTD_LEISHVNUM",""
"GHO","SA_0000001736",""
"GHO","SA_0000001719",""
"GHO","SA_0000001720",""
"GHO","SA_0000001721",""
"GHO","SA_0000001726",""
"GHO","SA_0000001727",""
"GHO","SA_0000001730",""
"GHO","SA_0000001732",""
"GHO","SA_0000001731",""
"GHO","SA_0000001733",""
"GHO","SA_0000001734",""
"GHO","SA_0000001735",""
"GHO","SA_0000001722",""
"GHO","SA_0000001723",""
"GHO","SA_0000001724",""
"GHO","SA_0000001725",""
"GHO","SA_0000001728",""
"GHO","SA_0000001729",""
"GHO","PerctreatedANC",""
"GHO","EMFSTANDARD",""
"GHO","EMFSTATUS",""
"GHO","EMFSAR",""
"GHO","EMFLIMITS",""
"GHO","NTD_2_YEAR_CERTIFIED",""
"GHO","NTD_DRACASES",""
"GHO","AIR_2_2",""
"GHO","AIR_35",""
"GHO","AIR_36",""
"GHO","AIR_37",""
"GHO","AIR_38",""
"GHO","NHAGGHEGDP",""
"GHO","NHAOOPSTHE",""
"GHO","NHAPREPAIDTHE",""
"GHO","IHR01",""
"GHO","IHR02",""
"GHO","IHR03",""
"GHO","IHR04",""
"GHO","IHR05",""
"GHO","IHR06",""
"GHO","IHR07",""
"GHO","IHR08",""
"GHO","IHR09",""
"GHO","IHR10",""
"GHO","IHR11",""
"GHO","IHR12",""
"GHO","IHR13",""
"GHO","EMFPOWERFREQUENCY",""
"GHO","carep",""
"GHO","fps",""
"GHO","fullv",""
"GHO","itnch",""
"GHO","itnwm",""
"GHO","mslv",""
"GHO","obesewm",""
"GHO","anc4",""
"GHO","csection",""
"GHO","pncall",""
"GHO","pnchome",""
"GHO","SA_0000001737",""
"GHO","SA_0000001739",""
"GHO","SA_0000001740",""
"GHO","SA_0000001741",""
"GHO","SA_0000001742",""
"GHO","SA_0000001743",""
"GHO","SA_0000001744",""
"GHO","SA_0000001745",""
"GHO","SA_0000001746",""
"GHO","SA_0000001747",""
"GHO","SA_0000001748",""
"GHO","SA_0000001749",""
"GHO","SA_0000001751",""
"GHO","SA_0000001752",""
"GHO","SA_0000001753",""
"GHO","SA_0000001754",""
"GHO","SA_0000001755",""
"GHO","SA_0000001756",""
"GHO","SA_0000001757",""
"GHO","SA_0000001758",""
"GHO","SA_0000001759",""
"GHO","EMFLIMITELECTRIC",""
"GHO","EMFLIMITMAGNETIC",""
"GHO","EMFLIMITELECTRIC1800",""
"GHO","EMFLIMITELECTRIC900",""
"GHO","EMFLIMITPOWERDENSITY1800",""
"GHO","EMFLIMITPOWERDENSITY900",""
"GHO","NTD_ONCHEMO",""
"GHO","NTD_ONCTREAT",""
"GHO","NTD_ONCHSTATUS",""
"GHO","DEATHSTOTAL",""
"GHO","DEATHS04Y",""
"GHO","DALYSTOTAL",""
"GHO","DALYS04Y000",""
"GHO","DEATHSPER100000",""
"GHO","DALYSPER100000",""
"GHO","WHS7_150",""
"GHO","NCD_CCS_NCDGuide",""
"GHO","NCD_CCS_MultisecNCDPlan",""
"GHO","NCD_CCS_SurvMonRep9NCD",""
"GHO","NCD_CCS_CancerRegNational",""
"GHO","NCD_CCS_NCDUnit_Operational",""
"GHO","SA_0000001761",""
"GHO","SA_0000001762",""
"GHO","SA_0000001763",""
"GHO","SA_0000001764",""
"GHO","SA_0000001765",""
"GHO","SA_0000001766",""
"GHO","SA_0000001767",""
"GHO","SA_0000001768",""
"GHO","SA_0000001769",""
"GHO","SA_0000001770",""
"GHO","SA_0000001771",""
"GHO","SA_0000001772",""
"GHO","SA_0000001773",""
"GHO","SA_0000001774",""
"GHO","SA_0000001775",""
"GHO","SA_0000001776",""
"GHO","SA_0000001777",""
"GHO","SA_0000001778",""
"GHO","TB_c_mdr_tx",""
"GHO","TB_new_clindx",""
"GHO","TB_new_labconf",""
"GHO","TB_new_snsuoth",""
"GHO","TB_ret_nrel",""
"GHO","TB_ret_rel_clindx",""
"GHO","TB_ret_rel_ep",""
"GHO","TB_ret_rel_labconf",""
"GHO","TB_rr_mdr",""
"GHO","TB_c_new_tsr",""
"GHO","TB_c_tbhiv_tsr",""
"GHO","TB_c_xdr_tsr",""
"GHO","TB_new_snuoth",""
"GHO","NTD_BEJELSTATUS",""
"GHO","NTD_BEJELNUM",""
"GHO","NTD_PINTASTATUS",""
"GHO","NTD_PINTANUM",""
"GHO","SA_0000001760",""
"GHO","VIOLENCE_EXTENTIMP_CHILDHOMEVISIT",""
"GHO","VIOLENCE_EXTENTIMP_YOUTHLIFESKILLS",""
"GHO","VIOLENCE_EXTENTIMP_PARTNERVIOLPREVENTION",""
"GHO","VIOLENCE_EXTENTIMP_ELDERCAREGIVER",""
"GHO","VIOLENCE_EXTENTIMP_ALLTYPES",""
"GHO","VIOLENCE_EXTENTIMP_CHILDPROTECTION",""
"GHO","VIOLENCE_EXTENTIMP_VICTIMSMEDICOLEGAL",""
"GHO","VIOLENCE_CHILD_PHYSICAL",""
"GHO","VIOLENCE_CHILD_EMOTIONAL",""
"GHO","VIOLENCE_CHILD_SEXUAL",""
"GHO","VIOLENCE_CHILD_NEGLECT",""
"GHO","VIOLENCE_HOMICIDENUM",""
"GHO","VIOLENCE_HOMICIDERATE",""
"GHO","HIV_ARTCOVERAGE",""
"GHO","LEPTO_MORTALITY",""
"GHO","LEPTO_MORBIDITY",""
"GHO","cci",""
"GHO","ors",""
"GHO","overwgt3",""
"GHO","overwgt5",""
"GHO","wast3",""
"GHO","wast5",""
"GHO","NCD_PAC_ADO",""
"GHO","NTD_LEISHCNUM_IM",""
"GHO","NTD_LEISHVNUM_IM",""
"GHO","DEVICES00",""
"GHO","IR_INSECTICIDERESISTANCE_PREV",""
"GHO","IR_PYRETHROID_PRESENCE",""
"GHO","IR_ORGANOCHLORINE_PRESENCE",""
"GHO","IR_CARBAMATE_PRESENCE",""
"GHO","IR_ORGANOPHOSPHATE_PRESENCE",""
"GHO","IR_PYRETHROID_EXTENT",""
"GHO","IR_ORGANOCHLORINE_EXTENT",""
"GHO","IR_CARBAMATE_EXTENT",""
"GHO","IR_ORGANOPHOSPHATE_EXTENT",""
"GHO","SA_0000001779",""
"GHO","AIR_40",""
"GHO","NCD_CCS_UrineAlbumin",""
"GHO","NCD_CCS_Bronchodilators",""
"GHO","PREVANEMIA",""
"GHO","HRH_40",""
"GHO","SA_0000001750",""
"GHO","SA_0000001780",""
"GHO","SA_0000001781",""
"GHO","SA_0000001782",""
"GHO","SA_0000001783",""
"GHO","SA_0000001784",""
"GHO","SA_0000001785",""
"GHO","SA_0000001786",""
"GHO","SA_0000001787",""
"GHO","CaseCS",""
"GHO","RateCS",""
"GHO","MH_19",""
"GHO","MH_20",""
"GHO","MH_21",""
"GHO","MH_22",""
"GHO","MH_23",""
"GHO","MH_24",""
"GHO","MH_25",""
"GHO","SA_0000001718",""
"GHO","SA_0000001738",""
"GHO","SA_0000001788",""
"GHO","VIOLENCE_PHYSICAL_FIGHTING",""
"GHO","VIOLENCE_BULLIED",""
"GHO","W1_HW_law_B",""
"GHO","W2_pc_front_back_B",""
"GHO","W3_pc_front_B",""
"GHO","W4_pc_back_B",""
"GHO","W15_specific_hw_B",""
"GHO","W16_number_hw_B",""
"GHO","W11_outside_pack_B",""
"GHO","W14_harm_effects_B",""
"GHO","W6_font_B",""
"GHO","W7_rotation_B",""
"GHO","W8_princ_langs_B",""
"GHO","W10_graphic_B",""
"GHO","W5_top_side_B",""
"GHO","W13_ind_liability_B",""
"GHO","W12_imports_dutyfree_B",""
"GHO","W9_no_obscure_B",""
"GHO","W17_fines_B",""
"GHO","W18_misleading_terms_B",""
"GHO","W19_Bolours_numbers_B",""
"GHO","W20_flavours_B",""
"GHO","W21_emissions_quant_B",""
"GHO","W22_emissions_qual_B",""
"GHO","W23_emissions_front_back_B",""
"GHO","W24_exp_date_B",""
"GHO","W25_quitline_number_B",""
"GHO","E26_direct_ad_fines",""
"GHO","E27_indirect_ad_fines",""
"GHO","E24_internet_sales_ban",""
"GHO","E25_ban_display_pt_of_sale",""
"GHO","E23_subnat_complete_bans_exist",""
"GHO","R_Curr_premium_cost",""
"GHO","R_Price_premium_estimate",""
"GHO","R_Price_premium_ppp",""
"GHO","R_Price_premium_usd",""
"GHO","R_excise_type",""
"GHO","R_excise_uniform_varied",""
"GHO","R_excise_specific_reliance",""
"GHO","R_excise_min_specific",""
"GHO","R_excise_retail_price_base",""
"GHO","R_afford_less",""
"GHO","R_afford_tax_auto_adjust",""
"GHO","R_admin_tax_stamps",""
"GHO","R_admin_duty_free_limited",""
"GHO","R_admin_duty_free_allowance",""
"GHO","P1_compliance",""
"GHO","P2_compliance",""
"GHO","P3_compliance",""
"GHO","P4_compliance",""
"GHO","P5_compliance",""
"GHO","P6_compliance",""
"GHO","P7_compliance",""
"GHO","P8_compliance",""
"GHO","E1_compliance",""
"GHO","E3_compliance",""
"GHO","E5_compliance",""
"GHO","E6_compliance",""
"GHO","E9_compliance",""
"GHO","E10_compliance",""
"GHO","E11_compliance",""
"GHO","E12_compliance",""
"GHO","E13_compliance",""
"GHO","E14_compliance",""
"GHO","E15_compliance",""
"GHO","W19_colours_numbers_B",""
"GHO","W21_emissions_B",""
"GHO","R_excise_proportion",""
"GHO","R_afford_gdp",""
"GHO","R_afford_price_dispersion",""
"GHO","W26_plain_packaging_A",""
"GHO","W26_plain_packaging_C",""
"GHO","W26_plain_packaging_B",""
"GHO","MORT_MATERNALNUM",""
"GHO","RS_223_BIS",""
"GHO","SUNBEDEXIST",""
"GHO","SUNBEDEXISTYEAR",""
"GHO","RS_242",""
"GHO","SUNBEDREG_ACCESS",""
"GHO","SUNBEDREG_CONTROL",""
"GHO","SUNBEDREG_INFO",""
"GHO","SUNBEDREG_TRAINING",""
"GHO","SUNBEDREG_SAFETY",""
"GHO","HRH_41",""
"GHO","HRH_42",""
"GHO","HRH_43",""
"GHO","LEPTO_YLD",""
"GHO","LEPTO_YLD100K",""
"GHO","LEPTO_YLL",""
"GHO","LEPTO_YLL100K",""
"GHO","LEPTO_DALY",""
"GHO","LEPTO_DALY100K",""
"GHO","EQ_ADOBIRTH",""
"GHO","EQ_ITN",""
"GHO","EQ_U5SLEPTNETS",""
"GHO","EQ_ITNUNDER5",""
"GHO","EQ_CONTRACEPTIVE",""
"GHO","EQ_HANDWASHING",""
"GHO","EQ_CONDOMUSE",""
"GHO","EQ_DIRTFLOOR",""
"GHO","EQ_OPENDEFECATION",""
"GHO","MALARIA_15081",""
"GHO","EQ_OVERWEIGHTADULT",""
"GHO","SDGAIRBOD",""
"GHO","SDGHIV",""
"GHO","SDGMALARIA",""
"GHO","SDGPM25",""
"GHO","SDGPOISON",""
"GHO","SDGPOLLUTINGFUELS",""
"GHO","SDGROADAGE",""
"GHO","SDGTOBACCO",""
"GHO","SDGWSHBOD",""
"GHO","SDGNTDTREATMENT",""
"GHO","SDGOOP",""
"GHO","SDGSAB",""
"GHO","SDGFP",""
"GHO","SDGABR",""
"GHO","CCO_WHS9_85",""
"GHO","LEADCONTROL",""
"GHO","LEADCONTROLEGISLATION",""
"GHO","LEADCONTROLEGISLATIONDESC",""
"GHO","SDGCONFLICT",""
"GHO","SDGDISASTER",""
"GHO","SDGSUICIDE",""
"GHO","SDGSHP",""
"GHO","SDGIHR",""
"GHO","EMFLIMITPOWERDENSITY",""
"GHO","EMFLIMITELECTRICRADIO",""
"GHO","WHOSIS_000007",""
"GHO","NTD_RAB2",""
"GHO","NTD_TRA5",""
"GHO","NCD_CCS_MultisecComm",""
"GHO","NCD_CCS_NCDIndicators",""
"GHO","NCD_CCS_integNCDplan",""
"GHO","NCD_CCS_Mkting",""
"GHO","NCD_CCS_SaltPol",""
"GHO","NCD_CCS_SatFat",""
"GHO","NCD_CCS_dietpaaware",""
"GHO","EMFLIMITELECTRICRF",""
"GHO","EMFLIMITELECTRICLF",""
"GHO","NCD_CCS_diabtest",""
"GHO","NCD_CCS_HbA1c",""
"GHO","NCD_CCS_DiabetesReg",""
"GHO","NCD_CCS_PM3_Surv",""
"GHO","NCD_CCS_breastcancerscreening",""
"GHO","NCD_CCS_cervicalcancerscreening",""
"GHO","NCD_CCS_cervicalcancermethod",""
"GHO","NCD_CCS_cervicalcancerpgmtype",""
"GHO","NCD_CCS_cervicalcancerpgmcvg",""
"GHO","NCD_CCS_hpv",""
"GHO","NCD_CCS_photocoag",""
"GHO","NCD_CCS_dialysis",""
"GHO","NCD_CCS_renaltrans",""
"GHO","NCD_CCS_coronary",""
"GHO","NCD_CCS_thrombolytic",""
"GHO","NCD_CCS_palliative_prim",""
"GHO","NCD_CCS_palliative_home",""
"GHO","NCD_CCS_riskstrat",""
"GHO","NCD_CCS_stroke",""
"GHO","NCD_CCS_rheum",""
"GHO","NCD_CCS_betablockers",""
"GHO","NCD_CCS_sulphonylurea",""
"GHO","AIR_41",""
"GHO","AIR_42",""
"GHO","AIR_43",""
"GHO","AIR_44",""
"GHO","SDGAIRBODA",""
"GHO","AIR_45",""
"GHO","AIR_46",""
"GHO","AIR_50",""
"GHO","TB_e_rr_in_notified_pulm",""
"GHO","OA_DMFT",""
"GHO","CATARACTSURGICAL",""
"GHO","CATARACTSURGICALEFFECTIVE",""
"GHO","MORTADO",""
"GHO","SG_REG_BRTH",""
"GHO","SE_G23_MATH",""
"GHO","SE_G23_RDG",""
"GHO","SE_LSC_MATH",""
"GHO","SE_LSC_RDNG",""
"GHO","SE_PRM_MATH",""
"GHO","SE_PRM_RDNG",""
"GHO","VC_VAW_SXVLN",""
"GHO","SG_REG_CENSUS",""
"GHO","SG_REG_CENSUSN",""
"GHO","UNICEF_PNCMOTHER",""
"GHO","UNICEF_NEWBORN",""
"GHO","UNICEF_PNCNEWBORN",""
"GHO","UNICEF_ORS",""
"GHO","UNICEF_PNEUMONIACARE",""
"GHO","MALARIA_ITNPOP",""
"GHO","MALARIA_ITNPREG",""
"GHO","SI_POV_DAY1",""
"GHO","SI_POV_EMP1",""
"GHO","SE_DEV_ONTRK",""
"GHO","SE_PRE_PARTN",""
"GHO","SP_DYN_MRBF15",""
"GHO","SP_DYN_MRBF18",""
"GHO","SH_STA_FGMS",""
"GHO","GB_XPD_RSDV",""
"GHO","HSS_UHCLEGISLATION",""
"GHO","HSS_COMPREHENSIVEHEALTHPOLICY",""
"GHO","HSS_MONITORPROGRESS",""
"GHO","SDGODA",""
"GHO","SDGCODCOMPLETENESS",""
"GHO","GOE_Q001",""
"GHO","GOE_Q002",""
"GHO","GOE_Q003",""
"GHO","GOE_Q004",""
"GHO","GOE_Q006",""
"GHO","GOE_Q007",""
"GHO","GOE_Q008",""
"GHO","GOE_Q009",""
"GHO","GOE_Q010",""
"GHO","GOE_Q011",""
"GHO","GOE_Q012",""
"GHO","GOE_Q013",""
"GHO","GOE_Q014",""
"GHO","GOE_Q015",""
"GHO","GOE_Q017",""
"GHO","GOE_Q018",""
"GHO","GOE_Q022",""
"GHO","GOE_Q028",""
"GHO","GOE_Q030_1",""
"GHO","GOE_Q030_2",""
"GHO","GOE_Q030_3",""
"GHO","GOE_Q030_4",""
"GHO","GOE_Q030_5",""
"GHO","GOE_Q031",""
"GHO","GOE_Q032",""
"GHO","GOE_Q047",""
"GHO","GOE_Q057",""
"GHO","GOE_Q058",""
"GHO","GOE_Q059",""
"GHO","GOE_Q060",""
"GHO","GOE_Q061",""
"GHO","GOE_Q062",""
"GHO","GOE_Q063",""
"GHO","GOE_Q064",""
"GHO","GOE_Q065",""
"GHO","GOE_Q069",""
"GHO","GOE_Q070",""
"GHO","GOE_Q081",""
"GHO","GOE_Q103",""
"GHO","GOE_Q104_1",""
"GHO","GOE_Q104_2",""
"GHO","GOE_Q104_3",""
"GHO","GOE_Q109",""
"GHO","GOE_Q118",""
"GHO","GOE_Q119_1",""
"GHO","GOE_Q119_2",""
"GHO","GOE_Q119_3",""
"GHO","GOE_Q120",""
"GHO","GOE_Q122",""
"GHO","GOE_Q131",""
"GHO","GOE_Q132",""
"GHO","GOE_Q133",""
"GHO","GOE_Q134",""
"GHO","GOE_Q135",""
"GHO","GOE_Q136",""
"GHO","GOE_Q137",""
"GHO","GOE_Q138",""
"GHO","GOE_Q139",""
"GHO","GOE_Q140",""
"GHO","GOE_Q144",""
"GHO","GOE_Q146",""
"GHO","GOE_Q153",""
"GHO","GOE_Q154",""
"GHO","GOE_Q155",""
"GHO","GOE_Q156",""
"GHO","GOE_Q157",""
"GHO","GOE_Q158",""
"GHO","GOE_Q159",""
"GHO","GOE_Q160",""
"GHO","GOE_Q161",""
"GHO","GOE_Q162",""
"GHO","GOE_Q168",""
"GHO","GOE_Q169",""
"GHO","GOE_Q170",""
"GHO","GOE_Q171",""
"GHO","GOE_Q172",""
"GHO","GOE_Q173",""
"GHO","GOE_Q174",""
"GHO","GOE_Q175",""
"GHO","GOE_Q176",""
"GHO","GOE_Q177",""
"GHO","GOE_Q178",""
"GHO","GOE_Q181",""
"GHO","GOE_Q182",""
"GHO","GOE_Q196",""
"GHO","GOE_Q197",""
"GHO","GOE_Q198",""
"GHO","GOE_Q199",""
"GHO","GOE_Q200",""
"GHO","GOE_Q201",""
"GHO","GOE_Q202",""
"GHO","GOE_Q203",""
"GHO","NUTRITION_WH_2",""
"GHO","NUTRITION_WH2",""
"GHO","NUTRITION_HA_2",""
"GHO","NUTRITION_WA_2",""
"GHO","MALARIA_HOUSEHOLDITNIRS",""
"GHO","AMR_GI_001",""
"GHO","AMR_GI_002",""
"GHO","AMR_GI_003",""
"GHO","SA_0000001789",""
"GHO","SUNBEDEXISTSUBNATIONAL",""
"GHO","RSUD_100",""
"GHO","RSUD_110",""
"GHO","RSUD_120",""
"GHO","RSUD_130",""
"GHO","RSUD_140",""
"GHO","RSUD_150",""
"GHO","RSUD_160",""
"GHO","RSUD_170",""
"GHO","RSUD_180",""
"GHO","RSUD_190",""
"GHO","RSUD_200",""
"GHO","RSUD_210",""
"GHO","RSUD_220",""
"GHO","RSUD_230",""
"GHO","RSUD_240",""
"GHO","RSUD_250",""
"GHO","RSUD_260",""
"GHO","RSUD_270",""
"GHO","RSUD_280",""
"GHO","RSUD_290",""
"GHO","RSUD_300",""
"GHO","RSUD_310",""
"GHO","RSUD_320",""
"GHO","RSUD_330",""
"GHO","RSUD_340",""
"GHO","RSUD_350",""
"GHO","RSUD_360",""
"GHO","RSUD_370",""
"GHO","RSUD_380",""
"GHO","RSUD_390",""
"GHO","RSUD_400",""
"GHO","RSUD_410",""
"GHO","RSUD_420",""
"GHO","RSUD_430",""
"GHO","RSUD_440",""
"GHO","RSUD_450",""
"GHO","RSUD_460",""
"GHO","RSUD_470",""
"GHO","RSUD_480",""
"GHO","RSUD_490",""
"GHO","RSUD_500",""
"GHO","RSUD_510",""
"GHO","RSUD_520",""
"GHO","RSUD_530",""
"GHO","RSUD_540",""
"GHO","RSUD_550",""
"GHO","RSUD_560",""
"GHO","RSUD_570",""
"GHO","RSUD_580",""
"GHO","RSUD_590",""
"GHO","RSUD_600",""
"GHO","RSUD_610",""
"GHO","RSUD_620",""
"GHO","RSUD_630",""
"GHO","RSUD_640",""
"GHO","RSUD_650",""
"GHO","RSUD_660",""
"GHO","RSUD_670",""
"GHO","RSUD_680",""
"GHO","RSUD_690",""
"GHO","RSUD_700",""
"GHO","RSUD_710",""
"GHO","RSUD_720",""
"GHO","RSUD_730",""
"GHO","RSUD_740",""
"GHO","RSUD_750",""
"GHO","RSUD_760",""
"GHO","RSUD_770",""
"GHO","RSUD_780",""
"GHO","RSUD_790",""
"GHO","RSUD_800",""
"GHO","RSUD_810",""
"GHO","RSUD_820",""
"GHO","RSUD_830",""
"GHO","RSUD_840",""
"GHO","RSUD_850",""
"GHO","RSUD_860",""
"GHO","RSUD_870",""
"GHO","RSUD_880",""
"GHO","RSUD_890",""
"GHO","RSUD_900",""
"GHO","AIR_90",""
"GHO","AIR_51",""
"GHO","AIR_52",""
"GHO","MCV2",""
"GHO","PCV3",""
"GHO","ROTAC",""
"GHO","E14b_movies_anti_tob_ads",""
"GHO","E15a_sponsorship",""
"GHO","E15b_sponsor_contribution",""
"GHO","E15c_sponsor_publicity",""
"GHO","E15d_csr_ban",""
"GHO","TOTENV_70",""
"GHO","TOTENV_90",""
"GHO","WSH_WATER_SAFELY_MANAGED",""
"GHO","WSH_WATER_BASIC",""
"GHO","WSH_SANITATION_SAFELY_MANAGED",""
"GHO","WSH_SANITATION_BASIC",""
"GHO","WSH_HYGIENE_BASIC",""
"GHO","ANEMIAU5",""
"GHO","ANEMIANPW",""
"GHO","ANEMIAPW",""
"GHO","CHILDMORT5TO14",""
"GHO","NCD_BMI_18A",""
"GHO","NCD_BMI_18C",""
"GHO","NCD_BMI_PLUS1A",""
"GHO","NCD_BMI_PLUS1C",""
"GHO","NCD_BMI_PLUS2C",""
"GHO","NCD_BMI_PLUS2A",""
"GHO","NCD_BMI_MINUS2A",""
"GHO","NCD_BMI_MINUS2C",""
"GHO","UHC_DATA_AVAIL_CODE",""
"GHO","UHC_INDEX_REPORTED",""
"GHO","UHC_INDEX_ACTUAL",""
"GHO","UHC_AVAILABILITY_SCORE",""
"GHO","FINPROTECTION_CATA_TOT_10_POP",""
"GHO","FINPROTECTION_CATA_TOT_25_POP",""
"GHO","FINPROTECTION_IMP_NP190_POP",""
"GHO","FINPROTECTION_IMP_NP310_POP",""
"GHO","FINPROTECTION_P1_190_POP",""
"GHO","FINPROTECTION_P1_310_POP",""
"GHO","UHC_TB_DT",""
"GHO","UHC_NCD_NONELEVBP",""
"GHO","UHC_NCD_FPG",""
"GHO","UHC_HRHSURGEONDENSITY",""
"GHO","UHC_TOBACCONO",""
"GHO","UHC_IHR",""
"GHO","GDO_q1x1",""
"GHO","GDO_q1x1x1",""
"GHO","GDO_q1x2",""
"GHO","GDO_q2x1",""
"GHO","GDO_q2x1x2",""
"GHO","GDO_q2x1x3",""
"GHO","GDO_q2x2",""
"GHO","GDO_Q2x2x1_MENTAL",""
"GHO","GDO_Q2x2x1_AGE",""
"GHO","GDO_Q2x2x1_NCD",""
"GHO","GDO_Q2x2x1_DISAB",""
"GHO","GDO_q2x2x1_other",""
"GHO","GDO_q2x3",""
"GHO","GDO_q2x3x1_1",""
"GHO","GDO_q2x4_1",""
"GHO","GDO_q2x4_2",""
"GHO","GDO_q2x4_3",""
"GHO","GDO_q2x4_4",""
"GHO","GDO_q2x4_5",""
"GHO","GDO_q2x5_1",""
"GHO","GDO_q2x5_2",""
"GHO","GDO_q2x5_3",""
"GHO","GDO_q2x5_4",""
"GHO","GDO_q2x5_5",""
"GHO","GDO_q2x5_6",""
"GHO","GDO_q2x5_7",""
"GHO","GDO_q3x1",""
"GHO","GDO_q3x1x1_1",""
"GHO","GDO_q3x2",""
"GHO","GDO_q3x3a_1",""
"GHO","GDO_q3x3a_2",""
"GHO","GDO_q3x3a_3",""
"GHO","GDO_q3x3a_4",""
"GHO","GDO_q3x4_1",""
"GHO","GDO_q3x4_2",""
"GHO","GDO_q3x4_3",""
"GHO","GDO_q3x3b_1",""
"GHO","GDO_q4x1",""
"GHO","GDO_q4x1x1_SQ001",""
"GHO","GDO_q4x1x1_SQ002",""
"GHO","GDO_q4x1x2",""
"GHO","GDO_q4x2_1",""
"GHO","GDO_q4x2_2",""
"GHO","GDO_q4x2_3",""
"GHO","GDO_q4x2_4",""
"GHO","GDO_q4x3x4_1",""
"GHO","GDO_q4x3x4_2",""
"GHO","GDO_q4x3x4_3",""
"GHO","GDO_q4x3x4_4",""
"GHO","GDO_q4x2_5",""
"GHO","GDO_q5x1",""
"GHO","GDO_q5x1x1_1",""
"GHO","GDO_q5x1x1_2",""
"GHO","GDO_q5x1x1_3",""
"GHO","GDO_q5x1x1_4",""
"GHO","GDO_q5x1x1_5",""
"GHO","GDO_q5x1x1_6",""
"GHO","GDO_q5x1x1_7",""
"GHO","GDO_q5x1x1_8",""
"GHO","GDO_q5x1x1_other",""
"GHO","GDO_q5x1x2",""
"GHO","GDO_q5x1x3",""
"GHO","GDO_q5x2",""
"GHO","GDO_",""
"GHO","GDO_q6x1_2",""
"GHO","GDO_q6x1_3",""
"GHO","GDO_q6x2_1",""
"GHO","GDO_q6x2_2",""
"GHO","GDO_q6x2_3",""
"GHO","GDO_q6x2_4",""
"GHO","GDO_q6x2_5",""
"GHO","GDO_q6x2_6",""
"GHO","GDO_q7x1_AVAIL",""
"GHO","GDO_q8x1",""
"GHO","GDO_q8x2_1",""
"GHO","GDO_q8x3_1",""
"GHO","GDO_q8x4_1",""
"GHO","GDO_q8x2_2",""
"GHO","GDO_q8x3_2",""
"GHO","GDO_q8x4_2",""
"GHO","GDO_q8x5_2",""
"GHO","GDO_q8x2_3",""
"GHO","GDO_q8x3_3",""
"GHO","GDO_q8x4_3",""
"GHO","GDO_q8x5_3",""
"GHO","GDO_q8x2_4",""
"GHO","GDO_q8x3_4",""
"GHO","GDO_q8x4_4",""
"GHO","GDO_q8x5_4",""
"GHO","GDO_q8x2_5",""
"GHO","GDO_q8x3_5",""
"GHO","GDO_q8x4_5",""
"GHO","GDO_q8x5_5",""
"GHO","GDO_q8x2_6",""
"GHO","GDO_q8x3_6",""
"GHO","GDO_q8x4_6",""
"GHO","GDO_q8x5_6",""
"GHO","GDO_q9_1",""
"GHO","GDO_q9x1_1",""
"GHO","GDO_q9x1_2",""
"GHO","GDO_q9x1_3",""
"GHO","GDO_q9x1_4",""
"GHO","GDO_q9x1_5",""
"GHO","GDO_q9x1_7",""
"GHO","GDO_q9_2",""
"GHO","GDO_q9x2_1",""
"GHO","GDO_q9x2_2",""
"GHO","GDO_q9x2_3",""
"GHO","GDO_q9x2_4",""
"GHO","GDO_q9x2_5",""
"GHO","GDO_q9_3",""
"GHO","GDO_q9x3_1",""
"GHO","GDO_q9x3_2",""
"GHO","GDO_q9x3_3",""
"GHO","GDO_q9_4",""
"GHO","GDO_q9x4_1",""
"GHO","GDO_q9x4_2",""
"GHO","GDO_q9x4_3",""
"GHO","GDO_q9_5",""
"GHO","GDO_q9x5_1",""
"GHO","GDO_q9x5_2",""
"GHO","GDO_q9_6",""
"GHO","GDO_q9x6_1",""
"GHO","GDO_q9x6_2",""
"GHO","GDO_q10x1",""
"GHO","GDO_q10x1x1",""
"GHO","GDO_q10x1x2",""
"GHO","GDO_q10x2_1AVAIL",""
"GHO","GDO_q10x2_TECH",""
"GHO","GDO_q10x2_HOSUE",""
"GHO","GDO_q11x1",""
"GHO","GDO_q11x2x1",""
"GHO","GDO_q11x2x2_1",""
"GHO","GDO_q11x2x2_2",""
"GHO","GDO_q11x2x2_3",""
"GHO","GDO_q11x2x3",""
"GHO","GDO_q11x2x5",""
"GHO","GDO_q11x2x6",""
"GHO","GDO_q12x1",""
"GHO","GDO_q12x1x1",""
"GHO","GDO_q12x1x2",""
"GHO","GDO_q12x1x3",""
"GHO","GDO_q12x2_1",""
"GHO","GDO_q12x2x1x1_1",""
"GHO","GDO_q12x2x1x1_1PUB",""
"GHO","GDO_q12x2x1x1_1PRV",""
"GHO","GDO_q12x2x1x1_1NGO",""
"GHO","GDO_q12x2x1x3",""
"GHO","GDO_q12x2_2",""
"GHO","GDO_q12x2x1x1_2",""
"GHO","GDO_q12x2x1x1_2PUB",""
"GHO","GDO_q12x2x1x1_2PRV",""
"GHO","GDO_q12x2x1x1_2NGO",""
"GHO","GDO_q12x2x2x3",""
"GHO","GDO_q12x2_3",""
"GHO","GDO_q12x2x1x1_3",""
"GHO","GDO_q12x2x1x1_3PUB",""
"GHO","GDO_q12x2x1x1_3PRV",""
"GHO","GDO_q12x2x1x1_3NGO",""
"GHO","GDO_q12x2x3x3",""
"GHO","GDO_q12x2_4",""
"GHO","GDO_q12x2x1x1_4",""
"GHO","GDO_q12x2x1x1_4PUB",""
"GHO","GDO_q12x2x1x1_4PRV",""
"GHO","GDO_q12x2x1x1_4NGO",""
"GHO","GDO_q12x2x4x3",""
"GHO","GDO_q12x2_5",""
"GHO","GDO_q12x2x1x1_5",""
"GHO","GDO_q12x2x1x1_5PUB",""
"GHO","GDO_q12x2x1x1_5PRV",""
"GHO","GDO_q12x2x1x1_5NGO",""
"GHO","GDO_q12x2x5x3",""
"GHO","GDO_q13x1",""
"GHO","GDO_q13x1x1",""
"GHO","GDO_q13x3",""
"GHO","GDO_q13x3x1",""
"GHO","GDO_q14x1",""
"GHO","GDO_q14x2_1",""
"GHO","GDO_q14x2_2",""
"GHO","GDO_q14x2_3",""
"GHO","GDO_q14x2_4",""
"GHO","GDO_q14x2_5",""
"GHO","GDO_q14x2_6",""
"GHO","GDO_q15x1",""
"GHO","GDO_q15x2_1",""
"GHO","GDO_q15x2_2",""
"GHO","GDO_q15x2_3",""
"GHO","GDO_q15x2_4",""
"GHO","GDO_q15x2_5",""
"GHO","GDO_q15x2_6",""
"GHO","GDO_q15x2_7",""
"GHO","GDO_q15x2_8",""
"GHO","GDO_q16x1",""
"GHO","GDO_q16x1x1_1",""
"GHO","GDO_q16x1x1_2",""
"GHO","GDO_q16x1x1_3",""
"GHO","GDO_q16x1x1_4",""
"GHO","GDO_q16x1x1_other",""
"GHO","GDO_q16x1x2_1",""
"GHO","GDO_q16x1x2_2",""
"GHO","GDO_q16x2_1",""
"GHO","GDO_q16x2_2",""
"GHO","GDO_q16x2_3",""
"GHO","GDO_q16x2_4",""
"GHO","GDO_q16x2_5",""
"GHO","GDO_q16x3",""
"GHO","GDO_q17x1",""
"GHO","GDO_q17x1x1",""
"GHO","GDO_q17x2",""
"GHO","GDO_q17x2x1_1",""
"GHO","GDO_q17x2x1_2",""
"GHO","GDO_q17x2x1_3",""
"GHO","GDO_q17x2x1_4",""
"GHO","GDO_q17x2x2",""
"GHO","GDO_q18x1_1",""
"GHO","GDO_q18x2",""
"GHO","GDO_q18x2x1_1",""
"GHO","GDO_q18x2x3_1",""
"GHO","GDO_q18x2x3_2",""
"GHO","GDO_q18x2x3_3",""
"GHO","GDO_q19x2",""
"GHO","GDO_q19x3",""
"GHO","GDO_q19x3x1_1",""
"GHO","WSH_SANITATION_OD",""
"GHO","TB_effective_treatment_coverage",""
"GHO","TB_treatment_coverage",""
"GHO","FINPROTECTION_CATA_ESTIMATE_AVAILABLE",""
"GHO","FINPROTECTION_IMPOV_ESTIMATE_AVAILABLE",""
"GHO","FINPROTECTION_IMP_PG_190_STD",""
"GHO","FINPROTECTION_IMP_PG_190",""
"GHO","FINPROTECTION_IMP_PG_310_STD",""
"GHO","FINPROTECTION_IMP_PG_310",""
"GHO","FINPROTECTION_CATA_TOT_10_LEVEL_SH",""
"GHO","FINPROTECTION_CATA_TOT_10_LEVEL_MILLION",""
"GHO","FINPROTECTION_CATA_TOT_25_LEVEL_SH",""
"GHO","FINPROTECTION_CATA_TOT_25_LEVEL_MILLION",""
"GHO","FINPROTECTION_IMP_NP_190_LEVEL_SH",""
"GHO","FINPROTECTION_IMP_NP_190_LEVEL_MILLION",""
"GHO","FINPROTECTION_IMP_NP_310_LEVEL_SH",""
"GHO","FINPROTECTION_IMP_NP_310_LEVEL_MILLION",""
"GHO","GDO_q20",""
"GHO","GHED_CHEGDP_SHA2011",""
"GHO","GHED_CHE_pc_US_SHA2011",""
"GHO","GHED_CHE_pc_PPP_SHA2011",""
"GHO","GHED_GGHE-DCHE_SHA2011",""
"GHO","GHED_PVT-DCHE_SHA2011",""
"GHO","GHED_EXTCHE_SHA2011",""
"GHO","GHED_GGHE-DGGE_SHA2011",""
"GHO","GHED_GGHE-DGDP_SHA2011",""
"GHO","GHED_EXT-GEXT_SHA2011",""
"GHO","GHED_GGHE-D_pc_US_SHA2011",""
"GHO","GHED_GGHE-D_pc_PPP_SHA2011",""
"GHO","GHED_PVT-D_pc_US_SHA2011",""
"GHO","GHED_PVT-D_pc_PPP_SHA2011",""
"GHO","GHED_EXT_pc_US_SHA2011",""
"GHO","GHED_EXT_pc_PPP_SHA2011",""
"GHO","GHED_OOPSCHE_SHA2011",""
"GHO","GHED_OOP_pc_US_SHA2011",""
"GHO","GHED_OOP_pc_PPP_SHA2011",""
"GHO","AMRGLASS_COORD01",""
"GHO","AMRGLASS_COORD02",""
"GHO","AMRGLASS_COORD03",""
"GHO","AMRGLASS_COORD04",""
"GHO","AMRGLASS_SURVL01",""
"GHO","AMRGLASS_SURVL02",""
"GHO","AMRGLASS_SURVL03",""
"GHO","AMRGLASS_QA01",""
"GHO","AMRGLASS_QA02",""
"GHO","AMRGLASS_QA03",""
"GHO","AMRGLASS_QA04",""
"GHO","AMRGLASS_QA05",""
